worker_id,task_id,task_response_id,is_reviewed,review_score,tweet_id,text,username,bio
Z6J69GNZYEXY,136adc93-e39f-4cc1-b2b5-6d751824e7b4,026288a2-c4bb-4372-880d-023321d8cd92,FALSE,,1.54E+18,"@Devmag52 @EricDJuly Its like if there are meds for a certain patient and a drug addict is addicted to those meds,… https://t.co/fX5PXOiuG8",D_ndamagi,"F**k fighting fire with fire, where's the damn water?
2021"
4TG67HVWJNDP,909fc038-d4fd-45f0-b849-d975760f163d,02dcb39a-c525-418a-9198-5c08d354935a,FALSE,,1.54E+18,"It getting pregnant endangers your life......

THEN STOP GETTING PREGNANT DUMBASS.

Why should the baby die because… https://t.co/Q3Uddrh8tq",AChristhope,"Humankind is neither humane nor kind. Creator of EGO FOOTPRINT /INHUMANE HUMAN EVOLUTION THEORIES as well as a published writer, poet, & Co-creator of Anonymous"
2AZWNZRTVACE,0dcd0bda-127d-4b57-a479-08efc85fb902,031abcc4-deb2-42b2-8b36-979f77d006c6,FALSE,,1.54E+18,"@bluekat323 @leighmatsell @caambers @Robthefrosty @Sparkle31888597 The ""domestic terrorism"" is happening RIGHT NOW… https://t.co/THft1peY8s",LegalLatino2022,"Left January 2021. Starting anew. Love all animals, but especially cats. 
DARK ULTRA GREAT MAGA KING GANG!
Guns SAVE lives. #BlackGunsMatter"
X6P6DQRXD62A,a42881d0-a01a-4c7c-acfa-9d21434b59b0,03d7bc4f-4fd0-4658-bf0f-3151150d6d41,FALSE,,1.54E+18,The overturning of Roe was not an attack on women. It returned decision-making to the people and their elected repr… https://t.co/qJJ6CfIxWi,parlermaid,
73FP3QEHRD7V,7d9790e2-d115-49cb-998f-7b70d59abd7a,04816883-6f94-4425-a8da-d83be3027f2a,FALSE,,1.54E+18,Disney was nothing but a Façade.  We’re seeing their true selves.  They stand against parents rights and now stand… https://t.co/N3V8F1PR8N,CDelFico,My edit bottom has snapped in half. 🇺🇸
DPNAMHPJRREC,291d5d5e-b008-4794-aa22-44538bfffaa7,049bb75c-96ad-44d6-b42f-1d156d7d9ec8,FALSE,,1.54E+18,@DarkNookShop @Cubs_Michael @GoodManOnceSaid @DonaldJTrumpJr Let us also talk about the majority. Those that run aw… https://t.co/flrSyp7Ub2,bankiemag,
DK4H9CMZRWET,681270e5-0599-42fe-a472-683e9a28406c,04abaa4d-8813-4509-9e8c-b58dd5a690c3,FALSE,,1.54E+18,"@ErrolWebber No but i can name 10 or more where abortion is not legal starting with Poland, Germany, Portugal etc 🙃",BeTheRichChris,Dad | Wedding Photographer | Truth Fighter 🇺🇸 | Truth Social: trumpsmexicanamigo
7ZGW996YFZ6X,fdc9dbec-6f29-4573-a5d6-95138ae53bea,050d13a8-61e7-41dc-9486-d4734b81a036,FALSE,,1.54E+18,"Trust God, President Joe Biden, trust Abba! The judges that voted to overturn Roe vs Wade, were obeying the voice o… https://t.co/9ArHovcy7f",CjleighDr,I Am an Ambassador for Jesus Christ
Z6J69GNZYEXY,4ba6a1bb-dad0-43ff-8153-426722acb065,057765ec-d41e-42d7-bd3e-c1fcecccc3cf,FALSE,,1.54E+18,34 yrs ago my wife had cancer in womb and uterus she was pregnant doctor suggested abortion so he could operate to… https://t.co/9QninfZMLt,head10_head,"66 male conservative. Grampa family,country not looking for companion              don't pm.maga proud here Jesus is needed ifbap"
FPMCK2P37RW2,4136ef7c-3664-4f3a-8ea0-5ea834a8695e,058ea01e-6bea-46f9-928a-aa85dadb75ec,FALSE,,1.54E+18,@FoxNews Roe v wade was unconstitutional and should have never been in place to begin with.,demsaredolts,"Fuck democrats, their anti-American policies are bad for our country"
FPMCK2P37RW2,4cb0ec76-214f-4477-891d-cdbb27cb0e38,05d9fa0b-e41c-4afd-a816-96170fc75a83,FALSE,,1.54E+18,@esmemurphy @drscottjensen @GovTimWalz Here’s the thing abortion rights is a man-made thought up movement while God… https://t.co/6QhLUM53zF,Silent_Majo,"100% American. Constitutionalist Common sense applies. Veteran, Supports the already pre-existing laws of the land. #ULTRAMAGA follower."
7R2NKCJQNXPP,7e6cc8de-429d-4cd5-8082-82150ea22701,07216ca1-9f0a-4e13-a7b5-bdc1e15b42f7,FALSE,,1.54E+18,@RepValDemings How did you become a mother and grandmother seeing you are all for abortion ?,ChaWheelman,
FPMCK2P37RW2,cd3ed133-44b5-4373-8602-6a9ad640d698,079c4669-9cdc-4d6f-8fb1-1f31a07e846a,FALSE,,1.54E+18,@JessicaCoblentz Abortion kills twice. It kills the body of the baby and it kills the conscience of the mother. Abo… https://t.co/zZdVahGE3I,JAROSLAWBOLBOT1,This world needs a heck of a lot more common sense. Especially Common Sense Catholicism. https://t.co/9XdaOhhC5U
R7XYZ4FKMFF9,7efca394-4ce2-40fe-8299-1972cf20c336,0994b00f-4c24-4a29-a0fb-644c0f9e6122,FALSE,,1.54E+18,"fb friend went off on me when the draft leaked for suggesting ""pro choice"" people were way more ready to help peopl… https://t.co/g8cxGUDizO",JQAForPresident,"Ex-Anglican Roman Catholic still convinced the best liturgical alternative to the vernacular is not Latin, but Church Slavonic."
7R2NKCJQNXPP,520ce054-cb46-4463-b18e-70ae19aeb97b,0a3a198e-5db1-4106-b3a0-42645aad7b40,FALSE,,1.54E+18,@BNNBreaking This push wanting to keep abortion says more about what they are not saying now,usher_206,
FPMCK2P37RW2,113854a7-52d1-42d8-a263-023401e4d192,0b46ce95-5696-4af9-9eca-288808af3d9f,FALSE,,1.54E+18,@RHeadland @emreistvergeben @nunnas22 @GovTimWalz The Supreme Court simply stated that the 73 decision was wrong. A… https://t.co/oxRCakL6vo,brianMurle,retired Firefighter…my pronouns are decided by the genitalia I was born with like every other person. my adjective is alpha
RP7MDHXYNRPN,3e2b5653-5a24-4ca2-872a-8938554bffa9,0be6f6cd-1a5e-461b-a449-87cfcad65e59,FALSE,,1.54E+18,@SarahTheWoodDuk @DeeMarie308 @ibangel This is so rare!  But in those cases that is a true medical emergency!  Quit… https://t.co/DCONWRFAbG,MUSICBYARRIVAL,
VNAQPVX4R36A,9f12d302-99c1-4ad5-8e65-188f40860b9e,0c3ab943-c44b-49b8-9478-0ee74b77185f,FALSE,,1.54E+18,"All the men and women upset and hyperventilating about the end of roe v Wade should seek asylum in Canada, Mexico o… https://t.co/mEsyAvRwXb",UtahSnyder,"#Ch_JesusChrist, Married, Father, Navy Veteran, #Education, History Enthusiast. Working on being a better digital citizen. It's not going well. 🤷‍♂️"
XKEQPPFJWHY9,eef8df49-37d5-456a-8c2b-5fff6c92c80d,0cfeece0-c288-42fd-ac73-36f435d6cd0c,FALSE,,1.54E+18,@JohnCleese the separation of church and state has nothing to do with the fact that the right to an abortion isn't in the constitution,jer2911tx,"Dr Pepper, bacon, & vodka are my friends. i love Jesus, but i drink a little. Aggie, vet, Dallas patent attorney, and Oxford comma fan. BS, MS, JD"
4TG67HVWJNDP,44274135-4a15-463a-8875-d445a4ea9df4,0d0296da-a40c-435f-9e53-8543864af5d6,FALSE,,1.54E+18,@tdzarnick @GeneralBrnovich And keeping Roe v Wade will result in more fetal deaths. So I’m ok with it being overtu… https://t.co/01WzEgNaC9,tinbullet,I came here to see if Twitter can make me less sarcastic. Doubt it
C69D7VD39FKM,ec0949b0-895e-4ce0-8e48-c39d3ba2439a,0f00ac81-8c09-4e01-b0ac-75b4411c7b39,FALSE,,1.54E+18,Welcome to equality women where just like a man you can not leave or desert the child with consent from the other p… https://t.co/d7CDclV9Hw,VanillaTwigXXL,"You have to believe in order to succeed 
Snapchat: VanillatwigXXL"
VNAQPVX4R36A,ccd76a97-3e49-4b32-8e0e-a5f0d432fe1f,0f082b07-f61d-4d22-926f-1686f580f514,FALSE,,1.54E+18,OMG as if the LBGTQXyzabcdsd  can’t spew enough BS already there new mantra now since Roe V Wade was turned back ri… https://t.co/cbzJNOzesy,bethbur97689252,"Lover of Liberty, and Justice , Auburn Football, and  cutting through all the BS 🇺🇸"
VPA49GVE9GAV,6a7460c3-a7ef-48ff-9c00-3900b2d4cb0a,0f23e799-182d-40a0-92ce-35c857e9b46b,FALSE,,1.54E+18,@jitobear @ambercb7 @BigRonJohnston @drebelo5 @KristianKWalker @777jorgeivan I’ll accept whatever consequences I’ll… https://t.co/AvXxMS6eLi,im_autism,#ForTheA #WarEagle #WeAllBleedBlue
73FP3QEHRD7V,031eb53e-08a3-4e6b-80e4-9c4ac04f3482,0fa52414-71b5-4cb9-9fce-3cd37c4b250d,FALSE,,1.54E+18,Kamala Harris On SCOTUS Abortion Ruling: “This Is Not Over”; Fox News &amp; Broadcast Nets Don’t Cover Remarks From Fir… https://t.co/uIcISmP1fg,WhoCares7734,"The Truth, the whole Truth and nothing but the Truth. Clear Logic. Every word must have a meaning. Equal means equal. Revisionists and Cancel Culture are Lies!"
2AZWNZRTVACE,57c42c4f-125b-4eef-9646-6c0418073413,11dc6f56-1682-498f-a612-0d9bd58c822b,FALSE,,1.54E+18,@CatherineCRine1 This is a 100% true statement.   The final stages of a society is child sacrifice and abortion is… https://t.co/BwCxdmJ7I1,chastjones1,
AMXMPYF9CYAJ,7b791414-8405-4aa4-b206-7152bcfafe04,11fd7c14-8479-4126-a370-ce6e775498d5,FALSE,,1.54E+18,"@DiamondandSilk The abortion is a epidemic disease and if we read what Margaret Sanger, their objectives are clear. And a lot of shame",MasiaTarazona,Quiero aprender mucho
T3RMAEPRMD6J,a0ace480-a12e-4f2f-a040-bd16dd74108d,120a2c62-2818-4da7-a2a7-d03df153a79f,FALSE,,1.54E+18,@alchemyjoe @marwilliamson The TRUTH- most men refuse to believe that a lot of women enjoy sexual experiences just… https://t.co/L5kf6UgKEH,gayle_reuben,
Z6J69GNZYEXY,b4ec4016-b695-437e-8dbf-c5e4cee19b03,12af7c24-7117-427b-b9a7-81a550272dd6,FALSE,,1.54E+18,@eire175 @idyllchatter @go_figureitout @kylegriffin1 Politicians on both sides don't work for the people..they work… https://t.co/bHCUOz6quI,TonyKha9,
Z6J69GNZYEXY,cb3afb33-ef48-464e-af71-632f74b5158d,135d783f-dad2-4cb2-b959-359d2c080b46,FALSE,,1.54E+18,@JessicahMatshe @CNN Anti abortion stand is not only from Christian belivers. It's common sense. A right or a wrong… https://t.co/1aMj8YCLp8,GeorgeGuantai,"Health Matters

 Farming-Horticuture,lots of fruits

Strict Christian

Loves birds&politics

Righteousness exalts a nation, but sin is a reproach to any people."
7ZGW996YFZ6X,5d6fd3be-af3c-41c7-8b9c-9f74cd1b2fa7,13ecdc6b-6749-4bf0-95b8-d20c8a09d81c,FALSE,,1.54E+18,"@theLassie27 @mintyMit @TheGlobalLatino @YungPrxda @superbruhalt @eeqasx @mobdarko @hoeglizzy no, I recognize there… https://t.co/QFC9lOjUzu",Yo03113181,
7R2NKCJQNXPP,adf9085c-d7ad-431d-bd1c-773e99259193,143cf39b-c6de-4399-896b-b8da3c637c00,FALSE,,1.54E+18,@theylikeadam fuck abortion  unless she is a rape victim,Ithug667,18
7R2NKCJQNXPP,85158468-0d15-4d11-92a1-90498f8cd55b,14ae9507-42f6-4579-97c5-07ab42fdea43,FALSE,,1.54E+18,@GerryBorn Dallas is out of control! They had a speaker say that they have to protect the right of abortion for tra… https://t.co/Dra9DGI11A,MonkeyFreeMe,"Get the monkey off your back. Educator, father, husband, frugal to a fault, double comma club member, pics on Instagram.
Also @backtendeercamp"
QEZAEMV2WF9D,f7b34f1a-72a1-4654-92af-a3f89040a58a,15c71491-bfda-47af-84ff-d659d8c9a84c,FALSE,,1.54E+18,@GEdwards2021 @PoettOnYT @Gus15372522 @pasghetti__ @jentaub There is no right to an abortion in the Constitution. Y… https://t.co/ytpEIZ40Zc,RBrandmayr,"Constitutional Lawyer in Freehold, New Jersey. Card carrying conservative."
VNAQPVX4R36A,1f0cf73b-997f-4094-9548-2b1283bae71e,16f43e0c-c1bc-4550-bb87-641546e3ca68,FALSE,,1.54E+18,@VoteGloriaJ Try to compare to the Taliban try getting a abortion there. Move there and find out. The home of missi… https://t.co/vUB6ZGKMxs,Edward85551058,flying my  fpv drone and camera drones. investing and doge. and space missions.
WFRWYPY7XZJ9,9e31ac7c-7d78-4e25-a88c-8f953956a5aa,18980dab-3e6c-4098-a695-08647faa5585,FALSE,,1.54E+18,@OmnisLuminae @ElijahSchaffer @SaraGonzalesTX They can get abortion in Commifornia tho 😂,Heddah16,The storm is coming 🐸🐸🐸
KY33NRPCAEZT,553b376a-86fe-4dcc-aec7-e82a8e386703,18da6b5f-6c3b-4c31-82a2-f92b34544618,FALSE,,1.54E+18,@layr951 @mchooyah Sure it does. What precludes us from that? Roe v Wade does NOT make abortion illegal. It makes i… https://t.co/UO2QE7iNqs,Marquessa19,"Independent thinker, lifelong learner and teacher of Life. Won a cage fight against Stage 4 Cancer and Covid at the same time. In Remission!"
R7XYZ4FKMFF9,5050e37e-452b-4aec-aa30-77712cd3babd,196c9fbe-2faf-4b86-b074-1675e8cc1eda,FALSE,,1.54E+18,"@workinalbertan2 Much of Africa is overwhelmingly pro life, activists there are sick of western nations pushing abo… https://t.co/AxRyI5ScKa",MommaJen6974,Veteran home-schooler. Mom to 4. Proud oilfield wife of 26 years. Pronouns: HER/Royal/Highness #TrudeauForTreason #HonkHonk No DM’s
R7XYZ4FKMFF9,1e24b16f-9567-40ad-acc0-b5890672c04f,198508a9-ff5c-457b-b4ca-a58da25fda32,FALSE,,1.54E+18,@robertalives @TheresaGoPats @intothefray68 Interesting that a liberal doesn't know what a baby looks like.  So iro… https://t.co/z4pD0DTv5J,SimonScottsen,I know that Jesus loves you and will help you.
T3RMAEPRMD6J,e65cd41b-6c15-4385-849e-b0c7ff6ae460,19ee5d14-4cad-4064-896d-ac3d8e60287d,FALSE,,1.54E+18,Fuck ur stupid ass abortion rights. Hope u bitches act sensible now 😂😂😂😂,vrredmay,Rani Sauni 🌸 island princess 🇯🇲
2AZWNZRTVACE,44a684b6-7619-4dfc-9beb-7cdf9bb9148b,1ac9e96e-0075-453e-889d-c040436bdee0,FALSE,,1.54E+18,"@SamuelLJackson Abortion is not healthcare. 

Killing a baby to save your career is not healthcare.

Killing a baby… https://t.co/z5mi2mT5Od",mindwhat,
73FP3QEHRD7V,b7993db2-9f37-46a8-9e95-059d9c2b46f0,1c0b9087-6dd9-40f9-84b1-f26329cf60a6,FALSE,,1.54E+18,"Notice how many of the women protesting in favor of abortion are 
ugly and/or overweight.",Sands_of__Time,"All praise is for Allah ﷻ | Quran-centric Shia Muslim | Traditional Conservative & Proud Iranian | Mixed Martial Arts | History, Philosophy, and Chess enjoyer."
R7XYZ4FKMFF9,a2c73fb1-6c29-4138-b97d-f3f523eb661f,1c1235ee-7845-4588-b0d2-78f18aaeb895,FALSE,,1.54E+18,"@parisa4justice This is absolutely incorrect. Yes, there’s an evangelical arm of the GOP that wants to prohibit abo… https://t.co/8WGrYFKoTv",NickDaisyComedy,I liked the old normal better than the new normal.
QEZAEMV2WF9D,5ca8d0f2-c24f-4221-a42d-1a288e2ce437,1ce016f1-c4a1-4661-a2ca-d65e634ababd,FALSE,,1.54E+18,"@GavinNewsom How is abortion, reproductive care?
Abortion is life ending, which has no link to reproductive care.
Y… https://t.co/Xw7JFXobu2",pt15014015,
4TG67HVWJNDP,89531ff9-562c-4527-ba1e-ca5213828848,1ce1e0be-6201-4729-b66a-7c80531cdd7a,FALSE,,1.54E+18,"@ArtValley818_ Remember when they said ""nobody celebrates abortion""?",805peej,
Z6J69GNZYEXY,b3c74841-312d-4ae5-89e5-64c7309d2961,1d5306ac-5b89-4d96-b3ee-13178f546c7c,FALSE,,1.54E+18,Roe v Wade is about to have the masses panties in a wad for the rest of the year while they prepare Dante’s Inferno… https://t.co/XvI8VLv2JP,SmokinSusieC,💖🌈 | WAKE THE FUCK UP | EARF IS FLAT 👹 | ♋️☀️♓️🌙♌️⬆️ | GODS WARRIOR🫡⚔️
7R2NKCJQNXPP,5247dbcb-0b40-4d0c-8ddb-9be3a2f1633f,1e4c9394-77d1-441a-b536-94968be2ae7f,FALSE,,1.54E+18,@MariahCarey Not true. Abortion is not in the constitution and should have always been left to the states. The  Dem… https://t.co/oxCX6Y0K9t,LilabbyT,Senior Technical Analyst
R7XYZ4FKMFF9,34f3a121-f1c2-4ae9-b9f8-78cddedd00ee,22659a74-1fe6-4466-a9c3-5ebcd9e12777,FALSE,,1.54E+18,"@MariahCarey No offense to you, you have a beautiful voice, but did you know the Supreme Court's job is to judge th… https://t.co/L6KiI3EjPZ",KMorrigan55,
R7XYZ4FKMFF9,c2eee550-bc66-4d36-a226-726bdc45ab3b,2412719d-c4b9-4443-bbf3-81d039cc291c,FALSE,,1.54E+18,"""Alito, Thomas 7 the Trump triplets overturned Roe v. Wade, a piece of judicial legislation written to save women f… https://t.co/ZAmfCPDwVh",SissyWillis,Beauty in unexpected places
CAG2KV7YTM69,e2a0ad14-267d-4bb7-8710-12e8dabaaf9e,2787e14b-a5a1-4c96-aa1f-aa628692d569,FALSE,,1.54E+18,The companies paying $4K in travel for abortion is not #woke or to help #women. Its #Economics101. Cheaper to pay t… https://t.co/IdxPth6FSf,FWRepWomen,"We are a team of dynamic, dedicated Republican women... We are mothers, daughters, grandmothers, sisters…. We Are You!"
R7XYZ4FKMFF9,491201e6-4664-4c1b-bfe6-8d38696749fe,285edbd2-07c0-4c97-acd4-68ea25b88a26,FALSE,,1.54E+18,"@InezFeltscher Interview my friend, Christi! 
“I guess I’m really glad my biological parents didn’t choose abortion… https://t.co/dYZo3OsCrq",AuthorCAL,"#ChildofGod, mother, friend. Stumbled into a #memoir writers' workshop and have been stuck in the genre ever since. Life is a precious gift, so #prolife."
R7XYZ4FKMFF9,89828cdd-1873-4d48-8aad-60940175fb22,2a18f288-6e6a-4949-98f2-93aca88aa6ec,FALSE,,1.54E+18,"The people upset about Roe V. Wade being overturned and think  the ruling ""took away their bodily autonomy"" (which… https://t.co/tnVV4k9djd",gods10rules,"Independent writer, contributor, blogger, & Freelancer.  Run my own blog called The Ronald Reagan  Of The 21st Century.  🇺🇸 

RTs are not  endorsements"
FPMCK2P37RW2,80d3df03-ea57-4300-bb8b-21dfe143a847,2acb7f9a-0448-4dc2-be78-b4b90a1f41f4,FALSE,,1.54E+18,"Pffft...all so stupid. Abortion is still legal in most states, where it should have been left back in 1973. Is Soros paying for these riots?",LeftistInsane,"On my 4th now.  #Frosteetoes #LeftyMcTweet #AlyssaMORONo 


Follow me on Parler as @Frosteetoes

Always keep a spare in this volatile Snow-Flake era."
DPNAMHPJRREC,00ff3203-7e80-417a-b0ed-416d5c87e09f,2b249637-bbf7-4200-8e69-0f055d1e0dfb,FALSE,,1.54E+18,Abortion is not in constitution.  What I said is conservatives r sick of liberals' insatiable lack of rational boun… https://t.co/WkGmi5Zo6j,jillianUSA2020,Conservative. ❤ the USA. MAGA!! Swamp Politicians must go.  Term limits!
T3RMAEPRMD6J,7401874a-9d65-40f0-a490-e1fdddd8028a,2b68fdc1-e706-4f66-b3a1-9f7074855071,FALSE,,1.54E+18,@MariahCarey You mean abortion on demand.  Better u teach her to say no.,JCSinger5,Husband Father Grandfather Soldier American
DPNAMHPJRREC,cde9745f-580d-4ed5-887b-500a2671f159,2b700c0f-21a5-436b-b70f-a7d8fb112624,FALSE,,1.54E+18,"Wait, so SCOTUS overturning roe v wade is attacking women’s rights? I thought women couldn’t be defined by anatomy?… https://t.co/Ig2di8dEtt",John_esmith13,Yeeyee
T3RMAEPRMD6J,4c4d63f6-8ab6-499e-82a2-c24bde75a1d1,2d93f5cb-3067-498c-a5b8-70af106f3379,FALSE,,1.54E+18,"@RustyE83 @libsoftiktok I think it’s past time modern women and men started using contraception, rather than aborti… https://t.co/Ge4tr81JeD",NoHoJO,Exquisitely Handcrafted Stuff...
FPMCK2P37RW2,2c42f220-a970-4b11-8a19-9d7bbdd94953,2d9832d8-fa42-433e-a718-731f0d6b6a9c,FALSE,,1.54E+18,Ok so Roe V Wade is now at the states. Here is how i see this : If you say killing a woman who is pregnant is  a do… https://t.co/KWyTmnroXe,SteranskyBradly,
3MEG6THYHV69,944c8fc3-3e74-4697-861f-c6880dd9ead9,2da18a5e-a853-4a3d-bcd7-ddee3fe9d700,FALSE,,1.54E+18,"Abortion is, by definition, dehumanizing. https://t.co/HK5Eq1uMjt",IdahoTribune,"Conservative States Deserve Common Sense Conservative Media — Independent, Reader Funded, Reliable — God Bless Idaho"
7R2NKCJQNXPP,4a3e523c-4780-4c3f-b9d0-34dd48ca67a9,2e66cd76-9769-4c24-b7aa-c517bd2183f2,FALSE,,1.54E+18,"@d2plai @cat_barnes30 Because women are going on social media and telling men they have no say in the matter.  So,… https://t.co/698Qi5aXO0",SomInternetGuy,Not much to say. I don't need followers.  I don't post much.  My comments are pithy and quippy.
VHYWA473JMK3,ae3caac3-8a10-4cc6-b9b4-f507a82843fc,2e79d951-0054-4a0b-8bc4-7bfed79131b4,FALSE,,1.54E+18,@Ultii400 @ParmesanPinot @That_Haifisch @RicoSuaveJD @Pappiness Thank you for Trump! Thank you for fascism! Thank y… https://t.co/w515aRMBFZ,JoAnn75649300,
WFRWYPY7XZJ9,6a5cbce7-6136-4916-8250-3a0c47d07d82,2e95381c-a17d-4a29-8656-e7a7531ebf5b,FALSE,,1.54E+18,@POTUS Maybe a “rape and incest” task force is in order since those are the leading cause of 70 million baby deaths… https://t.co/ifD56w95le,jgatorba8,🙏🇺🇸🇺🇸 Truth is Not Temporary 🇺🇸🇺🇸🙏 ✈️ ✈️ #MAGA #KAG #Conservative #CHRISTIAN ✝️♥️🗡⚖️👑⚜️✝️
QEZAEMV2WF9D,0b60fb83-ea2c-4940-8896-718ce7fa24ef,2eb50ccf-230e-4e3e-b827-7bb2bef9be8b,FALSE,,1.54E+18,@LilaGraceRose Thank you Lila for your tireless work ♥️ I think the overturning of Roe v. Wade has revitalized many… https://t.co/9SRUpHqiLw,YL08994787,
7R2NKCJQNXPP,bd1a5aee-f928-415b-82a3-d9ee2b2e2821,2f10ddce-c041-4fee-9a39-948f2ecfd259,FALSE,,1.54E+18,"The first joke I ever heard from George Carlin ‘you ever notice women against abortion, are the ones you wouldn’t w… https://t.co/Iy3dvG2ZA4",RareImagery,"Pissed off veteran, Patriot. I identify as a stoned dog here (which is a joke, as pronouns are). living behind enemy lines in Commiefornia"
7R2NKCJQNXPP,2f6d8918-f94c-4d59-a1b5-429b14367d11,30abf4f7-bcdd-4d3e-ac3a-9751cbe9b9f0,FALSE,,1.54E+18,"@OlPhilCollins @George10273037 @JamieSale @WBrettWilson A two-week old can't survive on its own.

You don't even un… https://t.co/pAijdZF09J",TomJefferson30,"Lover of liberty, freedom & personal responsibility. Sworn enemy of progressivist tyranny wherever found."
Z6J69GNZYEXY,41db7d1b-f913-42e0-abbc-4662f4ebda31,30d49bd6-90e2-47ed-bb3e-8d7986eb9a1a,FALSE,,1.54E+18,@CKHyppolite If they don't want to have children then they should enable all the numerous contraceptives and mechan… https://t.co/8y5GiOezur,AfroN8V,Sankofa
VME4939DFDXR,63c305ae-dfa2-4b29-90f9-c5702aedcf07,32aa79b7-db69-4291-9100-2e240c58aeee,FALSE,,1.54E+18,"@blowandpuffs It isn't even in the constitution hence why Roe V wade was overruled. Again, abortion being killing o… https://t.co/wv7rGCdxdV",h8techan,hager 🦆🪖🪶🍘 | imagine getting refuted by a cat page lmao
DPNAMHPJRREC,992afb63-aaa0-4d95-adae-8ca8e550d66a,3331f186-d738-4492-b9eb-60f12287f4f2,FALSE,,1.54E+18,"(Part 3 of 3) Simply not getting an abortion for yourself, but advocating for abortion for others is a direct contr… https://t.co/8uWv5Cl7RM",Jon_xc_life,AHS T&F and XC Class of 2023 Follower of Jesus Christ
7R2NKCJQNXPP,b2a4a6e6-7d56-4e86-b765-ef8c0b5c9187,353224e6-6a63-4c5f-b3d1-0439eb8f1ded,FALSE,,1.54E+18,@RichardHaass Even Ruth Bader Ginsburg knew Roe vs Wade was flimsy law.,Davidlifeviews,
GM7WMPEN2H9W,caf47bd9-524f-4287-94cc-6490ffd54b30,36488fed-f211-4a0e-9b02-c472d581b953,FALSE,,1.54E+18,"🚨WATCH - You Have No Right To An Abortion 

#RoeVWade https://t.co/l6Y0qjykmY",theslyshow,"📱https://t.co/ZUBjUEI8SJ  — Since 2004 
📰 News, Perspective, Podcasts, & Culture 
📡 Stream on All Podcast Platforms"
R7XYZ4FKMFF9,b9e58cf2-7425-4fab-9afd-828e3d154fdb,3681befe-16a6-4c97-a88c-c9e586b9790a,FALSE,,1.54E+18,@KamalaHarris Roe V Wade didn’t protect the babies that didn’t have the same opinion as you.,Coop_FCA,"Husband of an amazing woman Misty and father to Caleb. Vice President, SEC Region for FCA!"
YKR74H2QRD6F,af814d5b-8bb1-4089-b7af-24248be3d126,392c8af8-4672-49aa-96a9-78d79a522bac,FALSE,,1.54E+18,@RepValDemings Abortion is murdering an unborn baby.,albertobmas,"MD,Cardiologist,RPVI.,RVS ,RCS.
Christian, Conservative, Republican.."
2AZWNZRTVACE,c36cc694-61fb-44e1-a0d3-0f5415070b55,3a83b240-7524-4aad-ac8e-bd029617bbec,FALSE,,1.54E+18,"@FoxNews Just think about it, since 1973, when abortion became legal, there have been 63,459,781 abortions performe… https://t.co/tpMkd8mTA3",jillybean0217,
AMXMPYF9CYAJ,fe20bac9-986e-4959-84e3-2048b191515a,3d96240c-9074-439a-ac05-48e4b7c0cab5,FALSE,,1.54E+18,"@philneezy @JamesSurowiecki @InsrtHandlHere @MaxNordau @SomewhereinATX @JohnCornyn Pro-top: There has never been, a… https://t.co/Zd5KPBzfSP",greengrocer03,
XJKGQQWFXKTX,c444a8ee-172a-41d7-b743-bb4835c1c76b,3e116e70-cc9d-4480-b9ae-b84ba2cb5215,FALSE,,1.54E+18,@Food_2_Die_4 @Lynda63986855 @DLobbregt @USA_Aquanaut @Atticus58113746 @2020_Vision_ @LaughTrackItsT1… https://t.co/gGxMz9LXDw,PBennett1014,"Everyone sets their own worth in life, but most people never realize that, and they don't believe it when they see the proof in others. 1776"
CAG2KV7YTM69,f11c85a8-8476-4741-a409-27e66f6d73da,3ee4e981-4467-4137-8d10-62bd2995b06f,FALSE,,1.54E+18,"How many other @NZNationalParty MPs also think that abortion should be illegal?
👇 https://t.co/kwxsQrCyCy",HeWakaEkeNoa,The right wing's nightmare - an educated and wealthy vegan from a working class background who still gives a shit about the less fortunate #VoteGreen #GoVegan
XJKGQQWFXKTX,166377de-2d2c-4275-a050-b67822107af3,43ddf6dc-2c27-4a64-b8ae-b1c6a6adbe20,FALSE,,1.54E+18,Its actually sad and painful that muslim today say things like abortion is a fundamental right!,Imran_K91,#امپورٹڈ_حکومت_نامنظور ill informed bot 🤖 tweeting
7R2NKCJQNXPP,76483acd-d51b-40da-b4c4-c05ee0ea68b8,4421afcb-d319-4f00-8b7b-6478ed82ff07,FALSE,,1.54E+18,"@Reuters I’m not fully enlightened about this abortion thing in US. But this I know, the process to get pregnant is… https://t.co/wXzbKujeZT",vic_shola,"engineer, husband, love football, enjoy intellectual discussions"
4TG67HVWJNDP,5d0d8ba1-e7e6-4b99-9b20-89c0397bf4a8,4498e245-0ad6-40ca-8c35-d310a96c2b18,FALSE,,1.54E+18,@SheilaB910 @ms_synonym @ruprechtsfork @POTUS Abortion is trauma cause the baby screams in pain,georgiegirl1216,I'm a Disabled Army Combat Vet. Mother and Wife. I love the USA! r/t doesn't mean endorsement.
Z6J69GNZYEXY,ff4ffd7d-7adb-48b9-8985-34a08ac375a6,4578c566-bbcb-416b-a7d7-63320f2c0d5c,FALSE,,1.54E+18,@dr_ryan76 @JeremiahDaws Rape and incest made up about 5-10% of all of unplanned pregnancies. Certainly you aren’t… https://t.co/Ktm48vYq4t,KrewsLady,"Retired nurse, conservative voice."
QEZAEMV2WF9D,ca0be4f7-4f7f-43fc-9f93-d7232db7c586,46c5f1d3-0d68-4ce2-aeb2-0a965c469558,FALSE,,1.54E+18,"From: catlovercathy63@yahoo,com

FWD: FWD: FWD: FWD: FWD: FWD: FWD: FWD: FWD: FWD: FWD: FWD: FWD: FWD: FWD: FWD: FW… https://t.co/5DUlTy2Cy3",abram_facts,ohio state affiliated media
R7XYZ4FKMFF9,a2680519-3834-4129-8683-1e53dc5afec1,46ce7fbd-3b5b-4bda-af83-16e42d75495d,FALSE,,1.54E+18,"@SMBWhitney @BarackObama Its funny you bring up Ginsberg, she stated many times Roe vs Wade was bad law.",KeithBruceD,
GM7WMPEN2H9W,8dcc0f0f-5e2b-4ca3-b008-bb36175eb1f1,478b978c-ab57-4a84-902c-05c831198d7a,FALSE,,1.54E+18,Real. Babies die in an abortion https://t.co/2Mj95oqIQo,Jayna83072151,
DK4H9CMZRWET,2e0af437-5f6f-43f1-a16a-0180871ef7b2,47caf076-f88a-4103-adc2-3d9e67d5f6ab,FALSE,,1.54E+18,It's a form of discrimination! I think you are correct lawsuits will be coming. It's discriminating against people… https://t.co/Xqa42MctPz,coalburne,"POLITICALLY INCORRECT ZONE! God save America! Fighting For FREEDOM while looking for friends & fun. 1A, 2A, 🚫trains or BLOCKED! GETTR - @JamesCoalburn"
FPMCK2P37RW2,47d95fdd-811b-4520-8a9a-d4f068be804c,486bc7c0-b83f-42d3-aa60-620a837cbcee,FALSE,,1.54E+18,They will protest Roe v Wade.  But not a experimental vaccine that was mandated!,sjmiller1068,"Owner Op. 48 state trucker
Pro 2nd and a Constitutionalist.
Conservative by nature. Born and raised in Long Island New York."
Z6J69GNZYEXY,a4627577-156c-443f-b60c-6d1311ade815,48c264c1-ec03-4efc-aaa9-6812e403a212,FALSE,,1.54E+18,@alexismcgill Roe v Wade is no longer. Wonderful!,BrianBlumfield,
DPNAMHPJRREC,87438523-d8c9-4bf2-9a3d-90fce46fe762,490dfce0-0161-4716-9408-07f39b51b08b,FALSE,,1.54E+18,@OOCAdult Still bitching and moan about Roe v Wade overturn.,GMAnime101,"Drawing, Trains, Dancing, Acting, Singing, Movies, Music, Visio games, and Animation."
FPMCK2P37RW2,009ca4fd-cb5e-452a-a0fb-33638321f760,4a375ab4-4c7d-415f-a056-b626179f8792,FALSE,,1.54E+18,crazy how liberal women are literally unable to conceive of opposition to abortion as anything other than some nefa… https://t.co/164NUh5jLM,kangacoom,
KY33NRPCAEZT,67ccc029-215d-4c0b-aaff-72397b943f96,4a43a4ee-8a2b-4df0-9a24-dea43e0915f9,FALSE,,1.54E+18,The left is upset over Roe V. Wade but aren't you the ones that blurred the lines on what a woman is for us to even… https://t.co/DV9389eJ84,SkipperHowls,"* penis villenueve ( dir., Nude ) @the_damn_muteKi cares ❤️❤️❤️"
7R2NKCJQNXPP,bbabca64-df00-456a-b8da-c3d9b4970a28,4aeb4755-a89a-4d4b-b67b-6b709a941371,FALSE,,1.54E+18,@POTUS Abortion is murder,XsaberAnimation,Animations for all coming soon
DPNAMHPJRREC,37e4c051-6371-4be3-b789-439cd41ad03a,4b8b336a-960c-4805-8d29-7008445b22dc,FALSE,,1.54E+18,@MonicaLewinsky Abortion is murder no matter how u try to look at it,Jimyjoeg,
WFRWYPY7XZJ9,bcdc9fed-765c-40b0-aa01-b39b7a6d8bbf,4b9d835b-a93f-45c2-89b8-a5db175fc182,FALSE,,1.54E+18,@gulliblebeaut @Biscuitlegss @RDusssy @freemindom @LVMoose19 @NikkiFried Yah nobody in Germany at the time cared ab… https://t.co/O5j8bkcvzZ,MartensonHunter,
R7XYZ4FKMFF9,52194d25-ccf4-4c53-9c2f-38241225adf7,4cb61353-c52d-46fa-99b1-5a0a7719e418,FALSE,,1.54E+18,"@TheRealMatt22 @seankent @atownsquare Precedent held segregation in place, just as it did Roe v. Wade. Defending Ro… https://t.co/onXx0h6HXt",ndv0r,Speedcore vibes|LET'S GOOOOOO!!!
Z6J69GNZYEXY,b8948cf1-f210-4e51-998e-8c7be0976ba0,4d660038-ebf0-4c3b-8c45-6afefd4dfb7f,FALSE,,1.54E+18,@cappyswife01 They know a pregnant employee will cost them more than an abortion trip. They’re paying you (playing you) to get an abortion.,OSansabelt,Runs great. Lo Miles. Clean headliner. Must be seen to appreciate.
73FP3QEHRD7V,2fda9705-9265-4f32-985a-4f62d33594ea,540568e6-71fb-4609-b7d6-0fbf71040081,FALSE,,1.54E+18,@jetsarebest @fireflymagnolia silence is violence and the pro choice groups are posting a TON and a lot of misinfor… https://t.co/CHxVXuL6DV,MikaelaJ_07,
AMXMPYF9CYAJ,69f9d87f-a22c-448a-8535-24eb89fe11fc,54a7894c-9b59-4e5c-bf7a-28c2635ec9b5,FALSE,,1.54E+18,@tdzarnick @GeneralBrnovich One chance to tell me.   Who actually NEEDS an abortion.    Go.,dude60631229,R
7R2NKCJQNXPP,2d65a010-3e01-474c-8147-3493e6fea465,54dd0908-7979-4fa0-9426-fc8fa7de36da,FALSE,,1.54E+18,@AlinejadMasih Roe V Wade was always bad law. It has simply been returned to the States and can now be decided on b… https://t.co/IlxnTudmtv,Elizabe89073728,I love The USA Followed by @ACTforAmerica No DMs
FPMCK2P37RW2,3b2f24dd-fbdc-447b-bc1c-026aa32c304e,576779d9-0bd3-4408-85e3-83fb210c13b7,FALSE,,1.54E+18,"if you are in any way pro-choice or believe that roe v wade being overturned is a bad thing, my work is not for you… https://t.co/x85CpBMqp4",BumblyBeebs,"⚔️Mrs. Sword Man⚔️

✨Fully Certified Spiritual Elephant✨

Be kind to each other ✝"
Z6J69GNZYEXY,7371d1fd-c5bb-4022-8ff4-380d7c2e55e3,5a9ded40-dd45-45a0-900c-fe430c03d73c,FALSE,,1.54E+18,The problem imo is the social engineering that hyper sexualized us to the point that killing babies was normalized.… https://t.co/kjJL336oT8,TomMFJones,Fk off
YKR74H2QRD6F,842628f7-2043-40c8-84e4-fdf9f9c4ff01,5b44f832-ab88-459c-834b-ac6f610e95d9,FALSE,,1.54E+18,@NotWhatY0uThink @TheresaWuzHere @quattalbum @ananavarro Roe v wade does not change what women do w their bodies. I… https://t.co/C9AaSMYrux,ShleemSteve,Shit takes and shit jokes.
73FP3QEHRD7V,866070f0-b554-423b-99fa-5da9c81d5073,5da6122a-f9d8-4db8-b224-9887eefd409e,FALSE,,1.54E+18,Bet these are the same people who bitch about January 6th too. #Roe  https://t.co/fZz5aUZmhm,CHI_guy08,Everything Chicago sports. Avid craft beer drinker. #NorthSide
7R2NKCJQNXPP,b182282e-d3ff-475b-a35c-40f088d7a05f,5df4d3e3-79ba-4db9-bd9e-dc52f98a5c38,FALSE,,1.54E+18,"@aleja_delfino @Susan12409 @GovRonDeSantis Research what abortion laws were legal before roe v wade, these cases we… https://t.co/RGsDBD7mlN",ChristyMayCole,
Z6J69GNZYEXY,baca027f-da6a-4f43-ae4b-a617f7b455eb,5dfff26c-c3c5-4734-b81c-3997c46d7be2,FALSE,,1.54E+18,@squeakingmeow @pixposies @fawnsoffline @heroicslug @barrenessblack2 @Joddammit @avocadorable29 @vixmcintyre… https://t.co/blWua613b8,TheParrotSlayer,"Im watching the ships dock in San Pedro, and Im wondering if Ill ever visit the places they've been."
7R2NKCJQNXPP,41c4f22b-1e5a-45e4-bb7d-33d62ac0bd6c,6108beed-610a-45fd-8305-ae6ba8f6f09f,FALSE,,1.54E+18,@BarackObama So essential it was written right into the bill of righ- oh... wait... it wasn't. Well at least we pas… https://t.co/jb7qktGun5,TJskillz169,
FPMCK2P37RW2,387667a4-b949-455c-a02b-5d7bf69101ca,612ac438-841d-43fd-8939-2fd0e4cb6d5d,FALSE,,1.54E+18,@grey_son7 You are exactly right guns are bad when they’re used to murder people. 5000 people last year in America… https://t.co/VExifMYL1g,DHOTDOGCOACH,
FPMCK2P37RW2,6336d9fa-0612-4037-9b71-a369079fc845,6314a63e-7c15-4db6-85ca-bbe0fab70a25,FALSE,,1.54E+18,"@verylucky_guy @Pheramuse @TomiLahren You're right they don't always, but then they face penalties which include wa… https://t.co/PVoSzjqyml",PrinceValium1,
FQG6KZ9NADDZ,7fdfab3c-6ef7-4fc8-abb5-7be7497e5b6b,634f803b-a2c2-476c-9476-d606944a24c8,FALSE,,1.54E+18,@Jennfrhi @MariahCarey Pharmaceutical abortions are why the 20 somethings of today treat abortion like contraception. Sad but true.,titans4eva,"Just an analog guy in a digital world. Been proudly Deplorable since before it was fashionable. Ultra MAGA to the end. Pronouns are for tombstones, baby."
FPMCK2P37RW2,4cb6613d-7407-4a6a-99a4-df4934fbae6e,63e370d9-8506-4fea-ad89-7e7f78be471b,FALSE,,1.54E+18,@__enterprise__ @Soter_Ptolemeos @Houston50730694 @elitehaxor3 @t1nyb0dy @headsup44 @gwencystic The ones having a m… https://t.co/pXs3wHrDhc,Lllllll41353315,amos
T3RMAEPRMD6J,93f98525-66c5-439d-9731-ff49ea80fc5c,6535dc5b-40f2-47ce-aa9b-9840d71dba5c,FALSE,,1.54E+18,"@RealYeshua1 @TheAstuteGaloot With all of those things, I agree.  So what does any of that have to do with Obama or… https://t.co/eGaIhVEtng",NorthLapp7,"Christian Conservative, Wanna be Congresswoman, Ohio Buckeye, and Constitutionalist. Yes, I'm proud to be the Ultra MAGA!! Yes, I'm really me.."
FQG6KZ9NADDZ,79e18fc1-1629-4a16-856e-0db868e07204,65d702c0-83fe-471e-ac66-5a11261ac4aa,FALSE,,1.54E+18,Love the Roe V Wade  decision. Now maybe all you abortionist will move back to your home state and let Texas respect and enjoy life.,SBOROBERSON,Texas Born
QEZAEMV2WF9D,a3ffbcac-92e9-4177-925e-0d5aabaee405,6817d97c-7df1-4d35-bab7-d639137ba95b,FALSE,,1.54E+18,@MariahCarey It must be really hard describing to an 11 year old how important it is to be able to have unprotected… https://t.co/zQokpWyo4H,FinkleGeroge,
R7XYZ4FKMFF9,be3beefb-5e1e-4e69-86cc-e6b250b07f7d,6c151147-7e86-4e54-b61f-ab9b604a2998,FALSE,,1.54E+18,@Razzaque_Ayesha This was indeed one of the few good things that Trump was able to pull off.  He made sure that the… https://t.co/WUxzIBu2jI,theachabacha,"An accountant by education; an auditor / financial analyst by practice.  However, working for IDB lighted the spirit of economic/social development in me......."
YKR74H2QRD6F,50cf43fa-e3d2-4131-9ef5-0f646f130b42,6c9148d3-8d60-4505-94bb-aa2a21ed902d,FALSE,,1.54E+18,Before all the pro aborts get their knickers in a twist this is not the same as Roe v. Wade. All  Abortion lovers c… https://t.co/84FhZbuqzI,fien_charlie,"British/Cuban Down syndrome Activist,ProLife, Autistic, UN speaker, golfer, WGU Sophomore , engaged to Riley Emlen-P,Aktion T4 NEVER AGAIN #TeamIronWill"
WFRWYPY7XZJ9,0280f7a9-c2c8-4224-88c0-0a18d58b5cea,6d87bb00-9907-482b-bddb-d57a47d51836,FALSE,,1.54E+18,"My real Mother was A Catholic, a lapsed Catholic, but nevertheless a Catholic.

She put me up for adoption, she cou… https://t.co/vQ5JlS7CVp",StephenK_71,"Catholic Revert, spent 25 years in Eastern Religions & New Age Movement, but God saved me, through my love of The Rosary, and Our Holy Mother, Mary!"
XJKGQQWFXKTX,2b2635f1-8954-4a7f-859b-974d1ade309c,6f63454c-12ea-4568-b276-f9d35b0ac4fe,FALSE,,1.54E+18,@DanRather Constitutional right?  And yet you want to try and take away my 2nd amendment rights?  Oh or is it so th… https://t.co/ok01J9DEvD,Calibabbage,
ZNXMTR4YRRAP,4616f24d-7447-4a7b-88b3-ce65283802eb,708f3faf-dce6-4379-8072-62819f0da072,FALSE,,1.54E+18,"@falastiniyat LOL, care to tell everyone what the Palestinian policy on abortion is?",C0nservatlve,
X6P6DQRXD62A,95579836-cf1a-4dd9-93df-4888a4ba450d,710b6723-c33f-47d4-a1ae-b868fd3f39c8,FALSE,,1.54E+18,"@keads116 @busterknutt1620 @timmyhasbals @robreiner Seriously though, what's it called when a pregnant woman is mur… https://t.co/dilq5xbhBF",kevineb2014,"I'll be posting stuff I find funny, and stuff I agree with.  If you can't figure out which is which, you probably support government schools."
T3RMAEPRMD6J,4cc8cdf7-4845-485b-ad89-fce63c05bc25,7130ef2a-9449-41cf-b629-63d937f098cd,FALSE,,1.54E+18,@HippoCrunchy @theRYANfist @GreenMusicPCDJ @bacon6966 @VIP3R187 @hodgetwins That’s a chance you take when you have… https://t.co/iPAIc68bi5,Tina42761855,
7R2NKCJQNXPP,0faf711f-2632-44c1-9da0-e4123cb45693,71488718-b007-496b-978f-7b0b19adcc2e,FALSE,,1.54E+18,"It costs them less to pay for an abortion than to add a new family member to their insurance plan.
Dicks is anti-fa… https://t.co/cNCk9PL9hr",flatwalk,#PoliticalCorrectnessKills. #NameTheEnemy  #VETS Have rescued & rehabbed many dogs & horses #EndAnimalAbuse #Adopt
DPNAMHPJRREC,7042ffda-3967-4718-8306-e61d9096e756,7177ec23-42d3-43ef-ab16-e0a568080250,FALSE,,1.54E+18,If you don’t understand why Roe vs Wade was reversed you need to join a Church.  If you don’t believe that there is… https://t.co/O85sV7fdSe,MariaMo95189831,Funny
FPMCK2P37RW2,e77a98af-5b4d-4ff5-bb16-e1cf9bd36076,73dab4db-6134-4493-a792-0c22cd367bf1,FALSE,,1.54E+18,By no means am I conservative! Yet! There is nothing more painful for a man who wanted to be a father than when  hi… https://t.co/BWhHGMxkIi,EliasBenAvraham,"International human rights advocate/activist, immigration and progressive civil rights activist,  and former educational coordinator."
2AZWNZRTVACE,9e837966-6f8c-4c66-9999-8cb56c7573e4,73e83d41-7f1d-48db-af45-e7b91ec2face,FALSE,,1.54E+18,"""We knew all along that Roe couldn’t stand forever.  America is better than the barbarity of abortion.  Yet it is r… https://t.co/gvBhfHz9St",IdahoPubRadio,"Idaho Public Radio presents news and audio features for online, mobile and broadcast audiences. Award-winning Palouse-based news about Idaho and the Pacific NW."
T3RMAEPRMD6J,351243bc-fdb2-4a4d-be54-77b9155e5056,740f60e2-14bc-4e45-896b-84e83da600d1,FALSE,,1.54E+18,All these women talking about no sex to strike abortion: WHOS HAVING SEX WITH YOU NOW??? #answer #RoeOverturned #women #womensrights,Cabritagriot,"Yeah I said it and I am going to say it OVER AND OVER! Holding my 👅 is done! 
🗣️🇭🇹🤬👨🏿‍💻🔥♐💪🏾😈"
7R2NKCJQNXPP,d208b890-bc8c-418e-be33-8bf3c25364fa,74351ba6-d093-484d-8d57-f4e342a4ab6b,FALSE,,1.54E+18,"So because women cannot murder children,they have no rights? Have you ever seen what an abortion is you silly,brain… https://t.co/rSRdqB4Yz0",GRE8TBLACKSHARK,BUSINESSMAN + INTELLECTUAL ENGINEER + MARTIAL ARTIST + POET + TECHNOCRAT + FBA/DOAS + #NOANTIBLACKRACISM = PRO B1 DIASPORA & PISSING ON PALE SUPREMACY! #ASIJIKI
7R2NKCJQNXPP,c7811fc3-f678-4574-8790-3a0a9cef12eb,749f7746-7532-4c56-a021-3c7955d4cdd7,FALSE,,1.54E+18,@lana_lovehall Now I’m not even black because abortion isn’t my top priority.,BostonBlackOne,#NoTangiblesNoVote
Z6J69GNZYEXY,7e64dc9c-8507-417a-beb8-5736dd80a7d9,751e2352-d2b9-4ed1-9fbc-56da4e31a84b,FALSE,,1.54E+18,@historynutnyc @johnrich @kelliwardaz Stop the stupid….. this is not concerned abortion in any state… I have seen t… https://t.co/3az4vKgrlx,TaraMignon,"I am totally awesome & really funny! I love live music, shopping, laughing, dancing, talking fast, my friends, my husband, my pug, and babies Sam & Sophie"
FQG6KZ9NADDZ,73426653-c9ac-4932-b495-8183076c3213,7658b5ec-407d-4bc6-b192-0fe5a42449c7,FALSE,,1.54E+18,@rivian1 The hypocrisy you speak of is coming from the abortion mill lobby and the corporate Democrats that want lo… https://t.co/QczbEBJLYq,RedRedGreen,"Loves punk rock music/music festivals, road trips, my dog, spending time with family & friends, being Catholic, Pope Francis fan. Defend Western civilization."
T3RMAEPRMD6J,f4db4814-b1c0-4460-a6e8-2bbb19778b53,7779e623-ff9c-4caf-9398-babf519f70b3,FALSE,,1.54E+18,"@MARNIE_EMT @StephenKing No, its merely a STATES decision whether or not abortion shall be allowed. And DEMOCRATS h… https://t.co/XNVfOExWJp",dspur59,
7ZGW996YFZ6X,5c8838ff-b6f9-404e-a469-48446a234080,77a18239-cfb1-4acb-8452-55b38fa89008,FALSE,,1.54E+18,@BoSnerdley Can you imagine an abortion discussion without women who are bragging about how many times they’ve had… https://t.co/uVQsP6TOZs,Judimarshall5,
2AZWNZRTVACE,3c6729f1-5b96-4094-9911-151322e1b5b4,77d69b23-2970-4218-a8fa-761a9f150d76,FALSE,,1.54E+18,@DrJenGunter @thehill Roe v Wade would still exist if Democrats didn’t sue to have late term child murders. This is… https://t.co/lBiFG6G8aq,emmetotters,"Don’t worry about the mule being blind, just load the wagon"
7R2NKCJQNXPP,cf7d40d1-ca01-4266-b451-d4512700b88e,78bc3701-51fd-442b-ab21-97e0762c75f8,FALSE,,1.54E+18,@Fogle4MO actually the worst fucking argument for abortion. if someone believes (for some dumbass reason) that life… https://t.co/cicCZ8sHoX,wcropolixfan,"/‾➇‾\ 14 she/her 🏳️‍⚧️ 
|     :) | parody account
\____/ #RateWcropoliX"
T3RMAEPRMD6J,a1447146-8324-478e-b408-a29425cefe34,799103e3-d665-4c7a-be6f-3ec1c6cfc5dc,FALSE,,1.54E+18,@WalrusIsBack @POTUS Now even Walruses are clamoring for abortion?,ThomMarteau,
WFRWYPY7XZJ9,2b8e3e4c-2377-4d53-8131-46015514c922,79aa27d3-3720-43e4-9a57-330a39663b11,FALSE,,1.54E+18,Look I don't wanna sound fukd up but Im kinda glad abortion was struck down. Now you hoe ass bitches and niggas gon… https://t.co/RWj9s9ncRS,ChrisBusyBEE,"CHRISBUSYBEE ~  Entrepreneur,Hustler,Actor,Composition Artist,Brand,Visionary,Writer,Rapper,DJ,Stove Beats,Nightlife Entertainment,Myth, Legend,OG♤♡♧◇"
FPMCK2P37RW2,d70366c2-68ad-4ec8-8228-289677143e02,7ad8ba97-896d-4d9c-a560-61e2d26fc8c8,FALSE,,1.54E+18,"@Kevin5740Arnold @wildflower2101 @selenagomez We are paying for the abortion. And, if we let everyone do their own… https://t.co/qfxGV7a5pu",randitoy_2,
VME4939DFDXR,233e097d-2203-4c87-8dcf-34fa46972a67,7b6d3613-4770-40b6-b17e-c0f1ab741460,FALSE,,1.54E+18,@NickGiva @trader1sz Abortion is haram habibi,jellysmithrave,bitcoin is halal wealth habibi
2AZWNZRTVACE,7767e1c3-1c30-47a1-806f-ce1d9b66f8d1,7d1beac6-0b93-49e1-a21e-8de6846cb13e,FALSE,,1.54E+18,@prolife_madison Abortion bans have improved maternal mortality rates and overall women and children’s health lol t… https://t.co/lKtXNUUDKr,prolife_mama,Wife and Mama 💕 I love Jesus but I cuss a lil 😬 Save the babies 👶🏻 I’d crunch if you bit me 😜 #ProLife #Pro2A #ProMedicalFreedom 🇺🇸
FPMCK2P37RW2,554fc32e-a40f-484c-acc8-36e5b9868c53,7dda640f-50ac-4ad8-8190-7a9672d0f722,FALSE,,1.54E+18,@pygan69 @scrowder What has been over looked in the last 50 years is that the dems have ignored every opportunity t… https://t.co/dp5xT1v0HQ,Adams57Mc,No one believes I am 64 years old.
WFRWYPY7XZJ9,c51922d1-2b41-4fa7-80d9-c4ed603f5656,7ecd7b3e-b498-4c02-94f1-a09e2f7c1f65,FALSE,,1.54E+18,Would be OK if it were seven extremists forcing their personal and religious views on the rest of us? Roe v Wade wa… https://t.co/80NBBy9EjF,wjjhoge,Read the ABOUT page at https://t.co/ASTTiCKySN.
7R2NKCJQNXPP,28b3a396-e879-4133-87a6-5c137e33dd78,7f5ceeba-6a6e-48fb-96c6-ed97fb2daf93,FALSE,,1.54E+18,"@LiveNLearnin @CallMeSirGodamt @chyllstorm @Benjami84305781 @AlannaVagianos My point is, posts like these give off… https://t.co/RHQYE8KIo4",blue_skies554,"#patriotsunite 
#MAGA 
If the American flag offends you, you're in the wrong country. ❤🇺🇸❤
I don't check DMs! I'm married and don't want to buy your coins."
WFRWYPY7XZJ9,3e8f30b1-9744-4796-889b-51c5c5cddf90,80109139-b652-4c64-b660-868aa99d32b9,FALSE,,1.54E+18,@TyTyharper123 @shoe0nhead Good. Roe v Wade was judicial activism,langston_cade,government sucks but unchecked corporate power is worse
WFRWYPY7XZJ9,3356d4db-5120-419a-b82d-e93353d065f9,80a5286e-3b57-4d85-ae00-7de6507207d9,FALSE,,1.54E+18,@klippittyflopp @DwightTurf Americans are happy about Roe v Wade. You people from other countries need to stay out of our politics.,CLCampbell92,
T3RMAEPRMD6J,a56852fa-0f1a-459a-89a5-c15834e513a4,814df37c-4a5a-4cb0-a1f0-500d781a4b25,FALSE,,1.54E+18,Do people really not understand that Brown v Board *reversed* Plessy v Ferguson &amp; that was a good thing &amp; even a pe… https://t.co/RLOAiv7MKz,M_S_V_Miller,"Micel eart þu, hlaford God, & micel is þin mihte.

• Catholic | College English | Opera
• Old English | Queer (anti)Modernism
• Pronouns: Hwæt, Hwæs, Hwæm"
Z6J69GNZYEXY,9cb905c0-a591-4c9e-8499-9095a7519969,81ed7034-8d57-4207-9166-594518d33611,FALSE,,1.54E+18,Pro abortion people are ugly inside and out and just jealous they wern't aborted and lead such miserable lives.,timrawtruth,"Tweeting the night away with senoritas who can sway.
Retweets are not always endorsements of individual profiles."
FPMCK2P37RW2,bf2e90d0-1ff4-4198-97bb-cd3f9958069b,824fd2bc-0099-4b02-b1d5-8ce0ee524d79,FALSE,,1.54E+18,"@zychj @newsmax What made Roe vs Wade law of the land back then? Would you say, ""the opinions of Supreme Court justices""?",conservatismDNA,"***We stand for conservatism***
We are on the side of transparency, facts, common sense, reason, and truth."
T3RMAEPRMD6J,17e836b1-86a5-452c-b38b-b5ad01a95b2c,85156c3b-147d-4969-ba3f-1060f8269415,FALSE,,1.54E+18,"@amyklobuchar Wouldn't birth control be easier &amp; even cheaper? Oh yeah, you're complicit in using abortion as a for… https://t.co/QLNxFk1UMV",CharlieS1976,"Proud husband, father, grandfather & U.S. Army Veteran. I love the USA!  #MAGA #KAG #TRUMP #PATRIOT #FBTS #ARMY #VETERAN #2A"
73FP3QEHRD7V,98bfafef-f336-4d94-aec1-e8efb6ada121,85289448-f5be-400a-875a-7e15bf134868,FALSE,,1.54E+18,Lost in the abortion debate is the topic of super profitable baby organ harvesting. Imagine if leftists knew about… https://t.co/TD18c8lDyh,truth_campaign,"Jesus is Christ. Freedom is Godly. Truth over feelings. Policy shouldn't come from ""We don't know"" which isn't Science and data."
4TG67HVWJNDP,e8ea9529-03f4-465e-a3e6-1dc2de1aa586,85affb52-3114-47d4-8664-9e6622ccd7ff,FALSE,,1.54E+18,@milagracesmom Amazing that they’re using personal responsibility as a threat. If they had just done that from the… https://t.co/7mbOF9o8LW,brittanyontoast,
7R2NKCJQNXPP,e6f58ddd-8fc0-4fd4-86cb-7dec32c885db,86dcf681-9a74-4634-ab8d-71b3c20c4053,FALSE,,1.54E+18,"@Leerose1985 Wow if this is how they are reacting to Roe V. Wade being overturned … 

Wait until the midterms, this… https://t.co/lAtWHd4jKa",RSW_24,"Free Thinker, Truth Seeker, Lover of Sports, Hater of SJW Shit"
CAG2KV7YTM69,7c917642-54a6-4334-ab61-62d6f8837dfb,87a6fa8c-d868-4a98-8ab1-ba34e2f5edd2,FALSE,,1.54E+18,"""Pure comedy"": Most hysterical Roe v. Wade strike-down reactions | Rob S... https://t.co/Mpkp0xbvH5 via @YouTube",angeladsegura,
R7XYZ4FKMFF9,fb4781b5-a3da-4169-96ac-20ca0eb85b0d,880a2492-c957-4921-8501-ba5ed357ee9f,FALSE,,1.54E+18,"@EmilyKrebs6 You can still not get pregnant in this country. Use birth control, abstain, don’t use abortion as birth control….",emd621,
DPNAMHPJRREC,848e7936-de72-49fc-8504-92f7ceddced7,8894d757-8159-4f1a-b27c-2478c44a2ddd,FALSE,,1.54E+18,God judges nations that practice child sacrifice. Overturning Roe v. Wade was a necessary prerequisite for fixing the country.,bovinemasticatr,"If you shitpost for long into an abyss, the abyss shitposts also into you."
T3RMAEPRMD6J,a84c7aae-72bd-4f6a-ab61-978d9b8b201b,8a0e304f-19ea-46f9-9e54-df860cbf15b4,FALSE,,1.54E+18,"@VP How can you encourage abortion when it can be curbed by applying protective measures to avoid pregnancy, you ca… https://t.co/Dea0F1io5s",Patrick66750581,
Z6J69GNZYEXY,bac746ae-028c-4876-b278-35d70f207521,8ab4869d-db90-4d2c-be2a-1bf5c82774c6,FALSE,,1.54E+18,@ShadayaKnight 🚫❌ N🅾️ to abortion,mawerekongonya4,"Son:daddy how do prepare for the unexpected?
Daddy:by expecting everything son
Fairness is for the weak who do not have a chance against the mightier
GGMU"
WFRWYPY7XZJ9,7ea053e3-6476-4cba-b76c-25feb090b957,8aef5b27-f23e-4b10-ae57-c42ea4989379,FALSE,,1.54E+18,@Idfkanything1 @valleonardcomc1 @mmpadellan Negative. Claiming they would rather die than carry is not the same as… https://t.co/l0RKhUjNnD,KorbenDallas88,I was a cab driver but now I have to save the world. I identify as a meat popsicle. DeSantis 2024! Democrats must go!!
FPMCK2P37RW2,13a932eb-e1f7-435d-891b-ff1790541253,8c3d7644-0061-4e28-9679-d967dee13543,FALSE,,1.54E+18,Abortion “rights” activists have zero interest in having a real discussion about the issue. Most do not even know t… https://t.co/NCyS6s5ZeC,ethanlculver,PSU '20丨Space & Geography 🌌 🌎🌐
7R2NKCJQNXPP,ee4b281c-018f-442e-aa95-8ff704557629,8dde56a3-a95b-4386-bd36-f0306b32a3e3,FALSE,,1.54E+18,"@OneGirlMelissa Melissa - YOU get it. ""Shout my abortion""? Horrid. No less than if I were to say how many women I had ""tagged"".",ExposingTheSke1,Harrowing Hell Is My Profession ...
CAG2KV7YTM69,5ab3b9c5-b757-4c7d-857c-5f28a7d907f8,8e1aebd1-5133-4bda-96ba-1cd5669e14e7,FALSE,,1.54E+18,"California Companies Moving to Texas Now Have to Make a Choice https://t.co/XEhRooLoHC via @TomBemis

If women want… https://t.co/MAjj95KGZ0",Ezekiel53796950,
FPMCK2P37RW2,a2377590-aeb7-4953-adf5-72645926a551,8f20d6e3-8772-4f4b-bf07-7deb033ef766,FALSE,,1.54E+18,@pam6cee It's amazing how many black people are angry behind the Roe versus Wade overturn and the fact that there i… https://t.co/sQzbq4Yszy,Mamuwalde3,Black Man
2AZWNZRTVACE,3e2f2ce8-6e7e-45bd-962f-1e852ae8c45f,905affc4-4c67-4036-8204-681e5ad2a7f8,FALSE,,1.54E+18,I hope someday people will understand what roe v wade oveturned actually does. Strong support for the overturned ruling,DeAdsh0t34,"Just a guy chilling, watching and playing cs. Chris J supporter"
DK4H9CMZRWET,c81e6796-82c5-4526-bb2d-01e388d54a34,90e94f1f-c29e-4c19-a940-ddc2155e97aa,FALSE,,1.54E+18,@CallMeK1123 I’m kinda confused. Pregnancy doesn’t just happen right? So if you willingly have sex and get pregnant… https://t.co/ECVRjxOYD3,waynemckee20,Manu Forti
WFRWYPY7XZJ9,178d8e03-f277-4966-9848-42552900d981,91b5cf12-c483-48db-a247-52c9770621cd,FALSE,,1.54E+18,@LucySmi88574164 @DougRoseMedic Women talk like there are no ways to prevent pregnancy and abortion is the only way,fadman4real,All my views are mine and mine alone.
GQ33CQDEM49Z,79ef5840-9b28-4782-8016-462c2e5128a8,924d5c02-3f8e-49c8-ac6e-791f598be696,FALSE,,1.54E+18,@RealPaigeWWE It was never a constitutional right. Any law that came after the constitution was designated by state… https://t.co/bZ20FvNAf1,Ryan04251978,I’m new to Twitter so give me a follow 😉 He/Him/What/When/Who/Huh 🤷‍♂️🤦‍♂️
T3RMAEPRMD6J,3be5a7a2-73e8-4f01-90c4-2a5419e0407b,93e44163-50aa-4a37-8527-bea3bacefebe,FALSE,,1.54E+18,@Isobel61763134 @JaneSpeare @GeorgeD94155865 @DeborahMeaden Nope. Check out the proportion of black babies aborted… https://t.co/xZmdGN3grp,carpetwhoosh,Be excellent to each other!
CAG2KV7YTM69,a5bb9198-d8be-4187-a25f-2174b6b623b8,968a39cb-9412-433b-a95d-50775502172c,FALSE,,1.54E+18,"I come in ✌️ 
Roe v Wade
#RoeOverturned https://t.co/U2257H1lqr",UnchainDjango,"Technically, the glass is always full"
2AZWNZRTVACE,f5363c05-f82e-4b44-a666-cd77db1b680f,977122f9-70e7-46f8-9d5a-c4c5eb234367,FALSE,,1.54E+18,@lifttheveil411 Nothing more disgusting than a late trimester abortion….besides the prescription of male growth hor… https://t.co/CUytXEwAg3,clarencelawrenc,URBOYCL BORN - SYRACUSE NEW YORK WORKED - NEW YORK NEW YORK - reside HAZARD COUNTY AMERICA :
DPNAMHPJRREC,142ab5bd-b833-47f4-8b5b-9a60397e9715,97799810-3f0c-4287-8be6-46847dce2acd,FALSE,,1.54E+18,@MariahCarey If Roe v Wade was such a critical issue to Democrats over the last 50 years... why did they NEVER writ… https://t.co/s9VppcwFZq,UndergroundSD2,
FQG6KZ9NADDZ,2d384c5d-a4ba-42b9-bfeb-913d1c573992,97b535a2-2a0d-49f9-a7c6-1c3a91e096df,FALSE,,1.54E+18,"The 2nd best part of Roe vs Wade is we get to see some videos of ANTIFA getting their asses kicked.
#RoeVsWade #antifa",O2Rsystems,The left thinks you’re stupid and if you don’t see that then they’re right!
WFRWYPY7XZJ9,5d563e14-8a02-498f-9149-d489d670fe90,98f94aa9-5c7c-4422-8250-ff7d0d9fe8d3,FALSE,,1.54E+18,People can't afford to get married and have children because feminists gave big business two workers for the price… https://t.co/NsRu608lL6,AliceTeller,"Traditional wife and mother, descendant of Revolutionaries and Rebels. Be so wise and strong that you disgrace your enemies."
7R2NKCJQNXPP,23267232-5364-4e6f-bc5b-a910743328d6,99d04eb8-52f6-4fb5-a5a9-9647b74f1d86,FALSE,,1.54E+18,"I'm glad the church is happy over Roe vs Wade.
Let's make sure adoption services are available and affordable to qu… https://t.co/Ml0bp0zPuz",RevKennyKnight,Ordained Bishop in the Church of God   Manufacturing Engineer  Proud husband and father Musician and writer
DPNAMHPJRREC,dba3cebc-c9f0-4078-910c-21429ac50346,99dee680-2eaf-4b17-8c51-bb3e508af7c6,FALSE,,1.54E+18,"Here's some fun quotes for Roe v. Wade lunatics today

Read, if you think you know what the law and Constitution say https://t.co/nLJUILIZWo",DrewGalyen,Officially given up on college/ASU sports
YKR74H2QRD6F,893667d7-ea50-4f92-8d84-91fde787800f,9ab6f391-90b5-4fce-b3bf-328932d25fc2,FALSE,,1.54E+18,"@momochangames @kentd99 @robert_spalding @ElbridgeColby No.
The baby counts. Abortion is no sort of Healthcare. ""Em… https://t.co/sL8qy8214l",babysgramma,"On Truth Social @babysgramma
Americanist.
Constitution.
Law.
Order.
No amnesty whatsoever.
Trump does it, I like it.
WHO DOES TRUMP RECOMMEND TO SUCCEED HIM?"
XJKGQQWFXKTX,c3659d16-5ec0-449c-9115-e13ba1b7a0b8,9ba18777-d944-401f-98da-3f3a03a73dec,FALSE,,1.54E+18,I am the only candidate in the runoff endorsed by National Right to Life for my 100% pro-life voting record. I file… https://t.co/Pa3dXHslrT,GuestCongress,United States Congressman for Mississippi's Third District.
Z6J69GNZYEXY,8adfeb93-9ed5-4fc0-a13b-520695f51239,9be80d01-3fac-45fa-8dea-fa5f77322858,FALSE,,1.54E+18,SCOTUS Aborts Roe vs Wade In A 6-3 Decision!! | Unaborted Ep. 222 https://t.co/QpRI23KH5g via @YouTube,SaraSarajun89,Jesus Rose From the Dead & You Can Too!! 🙏🏼 1. Pray to Jesus to Forgive Your Sins 2. Ask Jesus Into Your Life As Your Lord & Savior ❤️ Romans 1:19
DPNAMHPJRREC,c2d66d07-a332-4e7c-bb7c-dd09ca4c2f7b,9c268cdc-97c1-4e03-8bac-8169464e1736,FALSE,,1.54E+18,"@RepValDemings You're right, won't quit fighting until abortion is 100% illegal in America",davezipster,
VNAQPVX4R36A,71dfce43-d73d-4471-8452-1f88222765c6,9c4b646e-c0ac-437e-84be-a39c394bf138,FALSE,,1.54E+18,@HockeyDad2AandZ But. The ones upset about the roe v wade are saying to delete the apps bc they could be tracking who is pregnant 🤦🏼‍♀️,_YepperPeppers_,"#mnwild 
#CowboysNation
steam ID: blue_rose173 
🖤 Thunderdome 🖤
watching the world burn with Mr Meta. and smores..probably"
R7XYZ4FKMFF9,d7ac61f0-c3ba-498c-9ed9-5c5c6e33dbcc,9ed0096a-ed4e-4ad6-865b-f9c0b746d706,FALSE,,1.54E+18,"@ElisaTZhang Does the baby have any autonomy before you vacuum it's brains into a sink?

The Left ignores the compe… https://t.co/wtu8c2xxo0",James_Derek_,
GM7WMPEN2H9W,5db1632c-dcc7-45dc-8063-eb42ee97bde5,9f1ff4f7-296a-4a59-8fed-55169b3cfaa2,FALSE,,1.54E+18,@EmmanuelMacron I don't agree with you Mr President really if women don't want to have children they can use contra… https://t.co/EXE62hpefT,JhonF098,"Me gusta el ajedrez,creativo e innovador,colombiano y me encanta la tecnología,pertenezo a la IDMJI.
Miraista.."
WEYAF7AT6E3G,413320ae-a68a-4e12-ae3e-295f4eb31bce,a0850892-9470-46c3-b2ea-246355fd5992,FALSE,,1.54E+18,@MontezFordWWE Especially after God intervened and overturned Roe v Wade by working through the supreme court?,petewilson007,
R7XYZ4FKMFF9,ed0854c8-1654-46ea-80a6-d87e73da430a,a14147d6-ad11-4256-b4fb-e4f11f742463,FALSE,,1.54E+18,"@dindin6 @kylegriffin1 Roe v Wade was terrible law, it should have ALWAYS been a states issue, and now it is. As us… https://t.co/Do7oWuvkzn",BeHeadR,"Constitutional conservative, Silicon Valley Engineer. End H1B Visa. End 3rd world immigration, Small Govt. 🇺🇸 Alpha male, and a Chad 💪"
VHYWA473JMK3,aca89c96-4f72-45c6-9cfb-4ac83213823f,a1eba9f1-8655-46ca-bfc9-2737e56f76f9,FALSE,,1.54E+18,@burner322 @Oddone_20 @fredlikestacos @TristanSnell @MSNBC Read the 14th amendment and tell me where you get anythi… https://t.co/NvXXopzss1,BrugeHiplo,Channel 5 television & film critic.
7R2NKCJQNXPP,6f372722-2291-4618-8fe5-3679f3696010,a1ff716e-0928-4dea-a733-619ca9191291,FALSE,,1.54E+18,@TotalSecurily @soyiimy @dylanobrien Yeah that didn't happen. Congratulations for showing you have absolutely no id… https://t.co/cJ9t85DovC,sheaffer117,A real man doesn't love a million girls. He loves one girl in a million ways and thanks God everyday for her
DK4H9CMZRWET,0a8694ca-47ff-4270-bddc-c0c302bfce8b,a3134d5d-b4a1-45bd-97ff-31ebeeec8e35,FALSE,,1.54E+18,@Cubs_Michael @DonaldJTrumpJr Abortion is NOT a Constitutional right!,AskWorldWhy,"Concearned Citizen~Solutions not Politics/Anti-Liberal Hypocracy ~
🇺🇸 To the Republic.-We Stand,🇺🇸
Thank you Veterans-Forever Grateful
#MAGA #JudicialWatch#"
CAG2KV7YTM69,c04d4abb-6f33-45a8-8a57-d6b85757dbab,a35e4936-8bd8-4859-968c-db201c452e3d,FALSE,,1.54E+18,"@colinstone To all the young women out down south, educate yourself about human reproductive system, how it works,… https://t.co/NCwRJfAt8e",JinYangSuZhou,"Proud mother, Whole Foods Market team member, seasoned chef, retail investor"
FPMCK2P37RW2,d5c4e012-a1a9-4e0b-8ba7-f3f946761c46,a3fe4bc0-9685-4074-ac76-a245db1d4193,FALSE,,1.54E+18,"@TomFitton @MichelleObama @BarackObama As was stated earlier, the two Obamas don't have any respect or compassion f… https://t.co/nE2CqAZHSk",DaveandRitaCros,
2AZWNZRTVACE,fe9e228e-88f9-4ec7-9c9e-d5a8c0546ac1,a4304414-b1a7-41a3-98d4-4f01b659dd41,FALSE,,1.54E+18,@KinnonWestraad Abortion should have been left to the states to decide from the beginning.,Lwestraad,Pro life mom 🐬✝️. Independent Voter. I identify as a threat. Try/Me.
WYWGJAYCCA6D,ad62947c-da49-4dbf-b690-7b14625262d6,a4c518db-b11f-4f86-ad5a-0c2486ccab94,FALSE,,1.54E+18,@Schneider_CM the left want abortion so they can kill off future Republican conservatives. they know we all are bor… https://t.co/cErOEJEbAq,BabyLiveMatter,"left leaning commie extremist. mental patient
proud 🤡 at twitter censoring all right leaning comments
i do the exact opposite of what Trump would do. RIP world"
VNAQPVX4R36A,b5ac8ca3-cd42-4c52-8de4-f4571b1dd291,a5fb063b-80c2-4e60-bf3a-091bf55cd63f,FALSE,,1.54E+18,The overturn of Roe v Wade truly has so many benefits. 1) innocent babies won’t be killed 2) people will now watch… https://t.co/iiHQPcMxWY,via_santia,Born again • Mama • Sister • Friend • Living my best life with Christ. Finally free 🙌🏼❤️
7R2NKCJQNXPP,f64c0fee-a84b-4f6e-9ee8-4019df4dead5,a69fe070-b782-4012-953b-fc9ca100ed90,FALSE,,1.54E+18,@ananavarro would rid the world of special needs kids by using late term abortions and post birth abortions!!!… https://t.co/cV619omGlm,TioBuck14,conservative #proconstitution #probillofrights #MAGA #KAG
WFRWYPY7XZJ9,2351924f-5d81-40c4-a8a8-7f3ffa9dfe4a,a7b39f9d-6086-4f5c-be4c-848fac8e1184,FALSE,,1.54E+18,"@imkatt_ Abortion is disgusting, so freaking glad it's banned in my state. Anyone who think's it's okay is a horrid person.",GalaxyViolette,
Z6J69GNZYEXY,9978f8c7-1995-4fcf-8428-870fab75719a,a7dfac92-23d8-4ef9-88b9-2462fb15238f,FALSE,,1.54E+18,When a woman gets an abortion she is showered with love by so many and called “brave” but when a dude doesn’t want… https://t.co/nSfliSBqac,ecast2308,"Fiery, but mostly Erica."
WFRWYPY7XZJ9,f65390bc-1836-48f9-baac-9cca6a8c5cbf,a82a658e-792a-4c79-bc6f-6e8e8cbd1581,FALSE,,1.54E+18,It’s a great day in KY and ⁦@rtllou⁩ celebrated.  https://t.co/Vs0DHTzxen,bOwtoole,What you are is God’s gift to you. What you make of yourself is your gift to God! tweets are my own.
2AZWNZRTVACE,fd97c2d4-bb40-4bbe-a1f8-58daefc57f8e,a86a6198-5adf-48b5-95f9-d2fe687caad0,FALSE,,1.54E+18,@luojiwansui @CheesecakeGunty @Kelly3132 @AnthonyCabassa_ @VenturaReport I highly agree but you can't convince thes… https://t.co/9xSJZKZDSa,SaltySailorTV,Veteran | You can call me Salty | F4F for Vets | @regimentgg
T3RMAEPRMD6J,b8723469-5862-4238-be76-07f29ee671b9,a9f56877-2223-480f-95a3-c51e0c43d5ea,FALSE,,1.54E+18,@sailortaylor11 Abortion is MURDER,billy0903,"Extremely proud Gay Trump supporter! Never “evolved”, always been a LogCabin Republican. 🏳️‍🌈🏳️‍🌈🏳️‍🌈🏳️‍🌈🏳️‍🌈"
4FRFD66TK6XE,a82dfbdc-6ff4-4248-818d-1a01f18d08ce,ab3766eb-0ca2-4ba8-9edb-33c80cd8e121,FALSE,,1.54E+18,"Praise God for the lives that will be saved due to the repealing of Roe V. Wade!

As Christians, though we rejoice,… https://t.co/rxXcKvuL8E",Gabe_Marcel,"Christian | Husband to a beautiful wife | Father to two amazing kids (Lord willing, more) | Ardent reader | Loves to lift/put down heavy things | Church Deacon"
73FP3QEHRD7V,ad561de3-d633-40fd-8dcb-3ab959220cfd,ad40398a-cb78-44dd-900f-e0e62e9ecdd6,FALSE,,1.54E+18,@TheMightyVeg @Forbes King James version. More on God's detest of abortion... Jeremiah 1:5 tells us that God knows… https://t.co/trojoeyaFa,Kingmac1010,
7R2NKCJQNXPP,9ebef3be-8d7a-4b1a-87cd-b39337c0496a,ae8b8ec9-909c-44df-9ace-15d37eafa3bd,FALSE,,1.54E+18,@markpoloncarz @RepBrianHiggins @RepJacobs @SenSchumer @SenGillibrand No matter how many mistakes Biden repeatedly… https://t.co/1yWKEulwE6,Johnsco33801386,
T3RMAEPRMD6J,93e21bcd-888d-4811-91d9-cd44de748923,b01eb766-f116-4304-a373-1fb081bca610,FALSE,,1.54E+18,"@_bekt0r_ @michaeljknowles “Before he formed you in the womb, he knew you.” Science says a fetus is human. Why do y… https://t.co/qb7cS95j2r",OwlImmortal1,"Christian, conservative, SBG member, daily wire subscriber and pro life activist with the Center for Bioethical Reform."
VME4939DFDXR,974961ed-74ac-40c6-90c1-af51d45a7f49,b3b40fd6-b8e2-4b43-abbe-d0439f1eab0b,FALSE,,1.54E+18,"Abortion extremists are becoming more and more violent, it's shameful #AbortionBan",TheChecker87,Aramäer ✌🏼 Christ - Syrisch Orthodox ✝️
R7XYZ4FKMFF9,28ec503d-b075-45c9-a39e-bcca943a9613,b44f119f-a7a9-4b4d-86ff-9d7b878b2611,FALSE,,1.54E+18,"When a man hates to wear a condom he reacts like this to the roe v wade decision. 

Wear a condom, Sparky https://t.co/tmed7sNDyE",AllyGeighter,"🎶 🤡 to the left of me, 🃏 to the right, here I am, Stuck in the middle with you🎶 If I block you, you deserved it 😙👋🏻"
FPMCK2P37RW2,fca73285-7199-4fc6-8173-b993ebeac863,b55804ae-81e5-4daa-b5dd-650fb8326335,FALSE,,1.54E+18,@HDCDimithriP Very Blessed and Super Joyful No more Abortions in All USA - Roe- Wade is No More in the USA . All fo… https://t.co/eR8qDfQwKM,Pinasalas12,
7R2NKCJQNXPP,f83400ef-a62b-44ed-b3d3-72fa7e5edd9c,b5d717d9-313b-4b3c-9c45-90ea266bdf8d,FALSE,,1.54E+18,@LeahMWillingham @emdrums 30+ million females killed by abortion since 1973 should be enough.  SCOTUS decided it was.,JTBoone_,🚨Disclaimer: Do not believe or act upon Tweets or re-Tweets.
7R2NKCJQNXPP,911ceb34-652d-4229-a784-439224818f08,b7762f16-e867-4474-a41b-5b3c5e62aea1,FALSE,,1.54E+18,"Dumb Lefty Pricks Get Run Over &amp; Call For Violence Over Roe vs Wade
https://t.co/bgbRJ4OA8q",FeelfromTheEnd,"Into Carl Jung's ""Redeemer Personality""/Christ/Bible addressed to Human Imagination (Neville Goddard/William Blake) God's name is ""I AM"" praying everyday, think"
FPMCK2P37RW2,106072fe-3a52-4d90-8e0b-196e56c035de,b89f2125-d18d-4ccf-af8f-f235bb9f7c7f,FALSE,,1.54E+18,"Now that there are morning after pills, isn't abortion sort of antiquated anyway?",taltney,I think therefore I am.
R7XYZ4FKMFF9,9ad50c2d-7fc7-4bcb-af82-b0a2e0ff488a,ba42560f-1630-4035-a17d-eb055221980e,FALSE,,1.54E+18,"@SallyMayweather Nobody needs an assault abortion, just comply, follow the science, trust your government.",BearIsh31491145,I bury my money.
XKEQPPFJWHY9,c9ac6ee7-cc89-4f8d-a24a-c4bc6d82368c,ba491534-0c32-4171-874a-64e2cff0d943,FALSE,,1.54E+18,"@drboycewatkins1 Abortion is against the law in 99% of black countries around the world

As black people that has n… https://t.co/tvu0Laas3Y",malcolmshabazz6,
DPNAMHPJRREC,008f1647-3536-41e9-a90e-fe53d10e54e5,bc983699-d9c6-4038-b720-ec0a382bf056,FALSE,,1.54E+18,"@ggreenwald Abortion is the brutal murder of a beautiful, innocent, defenseless unborn baby. Let's end this holocau… https://t.co/NdZ2QrWJYT",tacprc1,
FQG6KZ9NADDZ,9bb1741e-3bf0-4ce0-8a54-4f22564197f7,bdb5d0f2-b3c2-4653-b6e5-f56e1c31b9e1,FALSE,,1.54E+18,"like as always americans dont understand anything and us italians have to teach em everything:
trick is to not abol… https://t.co/hLf65FPLxT",kittymorsie,19
ADCXHGCQRA34,06170b12-7e32-4c1c-9d48-276058050259,bdcbb3b5-25eb-482c-b1da-0625dbbb396d,FALSE,,1.54E+18,"@npealicia @rogermwade74 New follower. Curious, but WHY are women still conceiving kids they don’t want? Not rocket… https://t.co/ugquIUZwKu",LollyPoppins66,"DM’s WILL BE BLOCKED AND REPORTED INSTANTLY. MARRIED Christian conservative, retired homeschooling mom and newly minted grandmother."
Z6J69GNZYEXY,247533a4-cc9d-43a6-b8ba-288cdfb4b338,be384bd2-7a32-4677-a412-381d11e04f18,FALSE,,1.54E+18,"I’ve paid out over a half million dollars in child support. 🐺🤦🏻‍♂️
And I still love all my kids.

I don’t support l… https://t.co/4hvVt6DeEw",P5yb3rR34p3r,I bite… 🐺 #OpIceISIS 🥶 #OpSeaWorld 🐬 #OpSaveTheWolves 🐺 #OpLibtard 😎 #OpScience 🎓 Nuclear powered electricity & fuel cell vehicles are zero emission. 24/7
DPNAMHPJRREC,55b79518-a5eb-4c50-97b6-87353659d3ec,be67088d-999d-4642-8f96-4d4989ec0f0e,FALSE,,1.54E+18,PRO-LIFE CHOOSE LIFE ROE V WADE T-Shirt https://t.co/F2VQLlCXqk via @zazzle,RosesShoppe,Catholic Cards and Gifts for All Occasions that you can Personalize https://t.co/UjGw48kjxZ
FPMCK2P37RW2,3f36596d-0360-42c7-896a-a7fe62cffc9e,bea11e83-f6b1-47ed-8826-962969b63afe,FALSE,,1.54E+18,@MartiniGuyYT @LayahHeilpern No rights were taken away. It was never a Right for women to kill babies. Roe vs Wade… https://t.co/P3LT3iXkOS,jamesjones_2000,Crypto Enthusiast. learning as much as I can from the communities. Everyday is a new day. Let's do this!!!!
FPMCK2P37RW2,0d33e032-f929-427d-9cd4-69136e64f275,c39f2e19-2fb3-4595-87ad-2b825d54d2c9,FALSE,,1.54E+18,@kimmie_c_ You don’t understand  the law.  They just put abortion approval down to state@level so if you blue state… https://t.co/0YPXGLwXsK,LGoodhorse,"Texan..smarter than people think. Life is too short to sit back and say I wish. Rather be a little afraid but jump get bumps, bruises and cuts. live fully."
7R2NKCJQNXPP,1cc5bcc4-e0ad-4da4-8c24-d19b31f94a80,c4ff69b0-d2fa-4fb6-8dbd-22a8d59065ff,FALSE,,1.54E+18,@kim_because @feloneouscat @maqart55 @MurphyYuiko @Godfly__ @d_vinelocs88 @AboveNun @JHerbatov @AprilLigeia… https://t.co/vHv0ryVzFX,PartlyC79640968,Peasant philosopher. Current interest in Nietzsche and Meerloo. Believe open dialogue and debate is healthy with a dose of respect for different opinions.
QEZAEMV2WF9D,d93695cd-b753-4bfb-96cf-25c9c8d0b9fd,c5ae698d-8951-4f60-942c-1a9fec41d76f,FALSE,,1.54E+18,"Theme of this years VBS at our church: Returning to The Value of life!

The end of the week: Roe V. Wade overturned… https://t.co/sbDQUJdsnR",Timmyjesusfreak,Reject normalcy! Be a freak for Jesus! Loving God and His people! Radically His! Changed heart! The truth will set you free! Isaiah 58:11
2AZWNZRTVACE,ef2adc8f-a25d-42a1-b71a-5b788ca19b27,c5b90301-e13e-40a6-b2d4-c2ea9b973a61,FALSE,,1.54E+18,Roe v. Wade based on a lie https://t.co/EBuqhcGQ5a,celticrealms,
7R2NKCJQNXPP,61df5f34-8b4f-4349-993a-98bfe198a627,c79060a6-0635-4dd7-9b1c-02d7015549fc,FALSE,,1.54E+18,"@rangermonk1 ""Abortion ban""- not a thing. 
""Gonna kill more women""- literally, how? If anything is saves women...
""… https://t.co/LRWdlmpI1v",MarkFDream1,Combat Epistemologist. Curmudgeon.
T3RMAEPRMD6J,b24f4e50-390b-456d-bd2b-afd8f1482c08,c862639b-0cba-4369-81d1-c4aeba7c5f53,FALSE,,1.54E+18,@CharityKarungi_ Problem you may legalize abortion.,habertyokana97,"𝑪𝒊𝒗𝒊𝒍 𝑬𝒏𝒈𝒊𝒏𝒆𝒆𝒓𝒊𝒏𝒈 𝑷𝒓𝒂𝒄𝒕𝒊𝒕𝒊𝒐𝒏𝒆𝒓 & 𝑫𝒓𝒂𝒖𝒈𝒉𝒕𝒔𝒎𝒂𝒏.
𝑷𝒆𝒓𝒔𝒊𝒔𝒕𝒆𝒏𝒄𝒆 𝒊𝒏 𝑩𝒆𝒍𝒊𝒆𝒇 𝒉𝒂𝒗𝒆𝒏'𝒕 𝒍𝒊𝒆𝒅"
FPMCK2P37RW2,8ad3182d-fb17-44cc-8ba2-bca9e24e461d,c879559b-f816-4cd6-86b3-4e7faf5343d0,FALSE,,1.54E+18,@Ultra92 @shaydeofgold Apart from the bible that clearly describes an abortion as a test for the unfaithful wife.,Smartymarty66,"Parent, librarian, humanist, feminist, permaculturist, ethical omnivore. 

You gave your problems to tomorrow. Tomorrow turns and asks you why?"
7ZGW996YFZ6X,2aef9d3d-2143-4157-b6ec-39b7ba402965,c889fe45-26f0-4deb-a000-0ed46afe5518,FALSE,,1.54E+18,"@HHzwUXiDKWH3UYX @ihateyoupe0ple I’m not forcing my religion.
But ur not allowed to have an abortion sorry",omar46idrees,16 ||
Z6J69GNZYEXY,1391ce1b-141f-4a87-a6d2-8df6b1d0b693,c8952c01-9d87-41ee-926f-87ec7356897a,FALSE,,1.54E+18,Corporations are helping their employees get an out-of-state abortion because those without families are much cheaper for the company.,OathkeeperHt1,"57 y/o Florida Man, USN Veteran HT1 🇺🇸, Certified Rescue Diver, Marathon Swimmer. Was on Twitter back in 08, left when Trump was bumped. Back, let’s see."
T3RMAEPRMD6J,cc208f4a-ca4b-41f0-b91e-529e7e53ee46,c8a2bd2e-925f-43a4-b265-198621e88036,FALSE,,1.54E+18,@LilTeamkimlisa @GavinNewsom It isn't a law. Abortion is not a constitutional right,fitzulasreviews,"amateur sh figuarts youtuber with 126 subs trying to make it in the community 
https://t.co/xQoQVfRUp6
https://t.co/BVc5pvynh5"
7R2NKCJQNXPP,24375df2-7f85-449c-93ef-1b423b6c45c9,c93957af-a818-4424-9704-577b209159b0,FALSE,,1.54E+18,@bstreier @stillgray We all know she lives in a state where she an go get a drive-thru abortion in an Uber for $50.… https://t.co/g4qBlNONIA,AppalachiaFren,"Songwriter. Sold some songs (17). Won some contests (12). Never had a hit (0). From the mountains. Former scientist, current pitmaster. Times are hard."
2AZWNZRTVACE,346a95c3-31b8-4b69-a7dc-633a6576d324,ca6b5cf8-6bbb-45f3-a485-358b1b58e3e9,FALSE,,1.54E+18,"@CocoGauff It is very simple. You are against abortion? Just don't have sex. Ok, YOU first.",misiaczek62,"born in Kraków 🇵🇱, lived in 🇱🇻🇿🇦🇺🇲🇨🇦"
Z239E43AATKE,3cb871ab-a4af-499f-8f92-5131ad6b977d,cbd75c39-65a0-421d-a3d5-b5643aecb0af,FALSE,,1.54E+18,Roe V Wade was decided entirely by cis men in 1973. Y'all just hate the court because it has women on it now.,_the_digio_,
VNAQPVX4R36A,eb63608c-2b31-49ae-b810-9874893fc932,ce666320-40bc-48b8-b98b-746240c3b2e9,FALSE,,1.54E+18,"CG S3E22: The Death of Roe v. Wade. The boys celebrate the demise of Roe v. Wade, the absurdity of global conspirac… https://t.co/eMQoso2DV3",contra_gentiles,IPSUM ESSE SUBSISTENS. Hosted by @actualgrant and @scalaamoris
4TG67HVWJNDP,8a0da7cc-4df2-4a29-922c-5802ce78a259,cf6f3bc4-7814-4b44-b4fb-6a121c1044fc,FALSE,,1.54E+18,"Pretty amazing that Dobbs was handed down on the birthday of Nellie Grey. Nellie organized the March for Life, to p… https://t.co/nG1D8Ptzdj",Right_to_Life,Caring people united to protect the precious gift of human life. Sign-up for RLM e-mail updates at https://t.co/spxT7whid6 and keep informed!
DPNAMHPJRREC,0f83b6b2-ae4f-46fa-8550-dea494fe2eeb,cfc40e19-d9af-4a98-8899-036bee5ed88f,FALSE,,1.54E+18,"@DanRather If it’s so unpopular, why are dozens of states enacting new laws limiting abortion now?",TitteTwister,Mother of 3
QEZAEMV2WF9D,cfea9286-dd82-4acf-8862-276e6b33b945,cfce0235-babf-48fd-953c-c934a49b6e03,FALSE,,1.54E+18,"@nytimes @mayemusk Hormonal birth control, IUD, Nuva ring, hormonal shots. CONDOMS There are so many more options t… https://t.co/gMYbFtGn88",KarlaEbs,I’m not a biologist so I can’t answer this question
WFRWYPY7XZJ9,a8360751-d90d-4394-9e42-67e966295fac,d052f56d-d9ff-4147-aee8-748f7f9f7ca6,FALSE,,1.54E+18,"@BarackObama 170 years of abortion being illegal prior to row is a precedent, for abortion being illegal. I can play that game too.",Melee_Hammer,"Meh, it's just twatter."
FECATTX32P2G,d385d23c-7746-4066-826b-1056833e97ca,d0c379e1-91f8-46b8-9180-2dd0ea779803,FALSE,,1.54E+18,"@VirgilWlkrOMAHA There are 6 Justices that voted for the overturn of Roe v. Wade, but one man is facing the ridicul… https://t.co/kD4MTZilje",ReaganRunners,Known the truth since 1981/Awesome/ I’ve been married for 20 years and have 3 wonderful kids.... “We love You!”.
DPNAMHPJRREC,0ed1e8aa-e8c9-47c6-a65c-a99c7a35ea6e,d0eeee31-3599-486f-ab49-085cfab74ae1,FALSE,,1.54E+18,@Bayleewilson @Toriastweets @LtlAbs @POTUS https://t.co/Y54Yuj5tH7,fdimah,Ultra MAGA. and proud of it.
YKR74H2QRD6F,433d6537-9533-40c8-b579-97eb68e70e16,d1a2c632-ffa2-4b2d-a573-0089ba53dee1,FALSE,,1.54E+18,fuck allat abortion sht y’all hoes jus stop fuckin,joshsolidaf,i juh talk shit on here ig: @1bandojay
DPNAMHPJRREC,b65adb29-19f0-4d1a-bd65-0601fbbf6c27,d1c0bbef-c5aa-4136-b717-eb722aaf9e17,FALSE,,1.54E+18,"Democrats only care about Power. The Supreme Court made a decision &amp; the Democrats lost their Power, They will lose… https://t.co/VSwli0TAMn",turbe1212,
XJKGQQWFXKTX,daac876b-03d8-410e-bcf2-6def9bc8af92,d2098b33-46da-463f-853a-a05b649fb3f8,FALSE,,1.54E+18,@Rubychirp1 @SenTedCruz You should really be informed on the decision and I don't think you are. Abortion is murder… https://t.co/e6GMB9kDTV,enchantedvvitch,
VNAQPVX4R36A,75cdecda-8e08-4967-9290-78fc26ca9704,d262c86a-6d8a-472a-82be-7a27842db4bf,FALSE,,1.54E+18,"One thing is true. All who are in favor of abortion, “ALREADY BORN”! @POTUS @nytimes @WSJ @FoxNews @BBCNews… https://t.co/OqS9jFoZjH",elb_brasil,Brasil
DPNAMHPJRREC,210b4903-75e0-429d-858b-fb7b4776184f,d2655983-fb6c-48b1-9a71-6c258def083b,FALSE,,1.54E+18,@bingus_the_cat_ @Timcast There is NO Constitutional guarantee for abortion or any other form of murder !!!!! Roe v… https://t.co/4F8FLLMhem,rollin_randy,"Retired machinist, USAF veteran"
FPMCK2P37RW2,a1f523d4-96af-45a7-9365-396753f27538,d26648f7-83cf-4037-a5e0-925e3f77da5f,FALSE,,1.54E+18,@grey_son7 Children have rights. Babies. But you are woefully misguided in your ignorant post. Yesterday’s ruling s… https://t.co/Ddh03yG53Z,MS_Dadx3,A proud Dad of 3 sons! Working in a Molecular Microbiology lab-RT_PCR! Bachelor of Science Microbiology HailState!
4794PZNAPE6H,8673476b-5812-4fe8-a2b8-b682c09d6e87,d2cac384-df82-43b0-90a1-3975478d0d04,FALSE,,1.54E+18,@libsoftiktok That's so worth it! Let's have a Roe V Wade announcement every few days!,JaimeRodri90,
WFRWYPY7XZJ9,8ea8b89c-1349-4304-a6ae-49ff6043f979,d2f212f8-090d-4684-a1c3-76d6705b6b7d,FALSE,,1.54E+18,"People are so obsessed with pattern-matching that they destroy their own points. Ok congrats, you proved that the p… https://t.co/2seXHlYMiD",AlKharidie,
R7XYZ4FKMFF9,364f9f2f-1e8f-4cd7-b644-cd92c5cbb9ba,d51162dc-c4e6-46bf-a442-1547a93f9729,FALSE,,1.54E+18,@tropicalrosie @classicallyabby No. That’s not true. Sorry you had a miscarriage but that’s not the same thing as an abortion.,Smilegreatday,"Christ Follower. Fight for Ethics,Integrity,Morality, freedom of speech. #Truth over postmodernism !Fight The Woke Mob/Deep State"
ZNXMTR4YRRAP,f7e5656b-27cc-4924-b207-59cb2004cb63,d7f315d4-3341-48f2-8ed8-bcb293268430,FALSE,,1.54E+18,"@Simone_Biles Athletic she is. Smart? Not so much. Guns are in the US constitution, abortion is not.",vader3234,
CAG2KV7YTM69,cbc6a2b3-1222-463a-a716-53abd31fea34,dbefec7e-2a8b-474d-b4e7-08ab6061c90d,FALSE,,1.54E+18,"@Annakhait I agree there's such a things such as condoms or birth control, but abortion is something that should never be a option",Jesussaves8606,Put God first and all falls in place
R7XYZ4FKMFF9,c9cf1450-38f4-4874-9110-614007921370,dc0fb702-0c01-4921-801f-8e22ea7a400c,FALSE,,1.54E+18,Find it fascinating Trump appointed the justices who exposed Roe v Wade as the sham it was for fifty years and it h… https://t.co/nPNLVig4AX,donniecopeland,"Christian,Husband,Dad, Pop,Pastor,writer, Former Ar Legislator,W. Monroe native,LSU for life, GAB& Truth @DonnieCopeland https://t.co/fYdxXkB4Vb Acts 2:38 ,Matt. 6:33"
T3RMAEPRMD6J,ec624f21-1904-4417-86af-1a9438bdc0fa,dc15810c-2af4-4ec2-9f0b-197d26794580,FALSE,,1.54E+18,@wscott5050 @Stephan80206306 @SakurogiG @TheQuartering I don't remember abortion being in the constitution,TheBlahhhMan,"Pc enthusiasts that loves to share his hobby have any question for a build hit me up I will gladly help you out

https://t.co/GGY1o3MDsF"
T3RMAEPRMD6J,4b043aeb-ec6e-45ef-bc33-98472c3be97b,dc45734b-cc58-4d20-ac33-26d5d975f417,FALSE,,1.54E+18,"This decision will create the possibility of protecting human life from conception
　→この決定により、受胎から人間の生命を守る可能性が生まれます… https://t.co/aMLSN14c09",tymfishr_runs,ランナーになりそこねた横浜のジョガー。JogNoteからStravaへ移住かな。三日月を好む。三日月クラブ会員番号１。フェルメールファン。GIOS FELUCA(なぜか白)。因みに同じ事を言ったり聞いたりするかもですがご容赦を！
T3RMAEPRMD6J,f1b4117c-c93c-4ca1-93ff-89ae3b01bd27,dca19cf5-a64b-4008-a4f8-050f1584ac9a,FALSE,,1.54E+18,@Ladyred455 Roe versus wade is no more. They also lied about abortion being accepted into the constitution. Now we… https://t.co/Lk7eioebRi,TrumpMusk2024,
AMXMPYF9CYAJ,753a11b5-3daf-487a-b04c-1914e146effc,dd29ea55-4972-4c30-8249-15e8788f741d,FALSE,,1.54E+18,@lupe_peters @Taniel @PimaDems @libe Several European countries are more strict then we’ve ever been and maybe if p… https://t.co/mZtKhlIcY5,honeygirl1031,"Mom,Wife,Combat Veteran,Firearms Instructor,🕵️,Diver,Patriot that loves our country but hates what it's becoming!""4 The People By The People!""Follow Me 4 Truth"
4TG67HVWJNDP,00b3ff53-a6d2-4bc6-9206-be136eeb1ca6,dd474181-5e49-42d3-8e90-b7de1edc60c5,FALSE,,1.54E+18,"@KathyFitz64 As I said before, it’s not me you have a beef with, it’s with those advocating 9 months abortion. Are… https://t.co/xNVA5lzB48",truedevonthomps,🇯🇲🇨🇦I actively oppose fascism & marxism in order to protect my Children’s Future.#antiwef #antimedicaltyranny #proliberty #libertyadvocate
6FCQKE2GMKG2,ac138344-606a-4b10-b9ea-1899a9f432b4,dee8c6e3-a7e4-487c-a55b-b5aca04b2952,FALSE,,1.54E+18,"@cynthiaboaz @MichaelRapaport @Rubygirl_Tweets This is not rocket science, honey. Go to a state where it's allowed.… https://t.co/VtXEAyNKhE",Howley54,
FPMCK2P37RW2,f3c4b4b6-f485-42cc-b5ca-9188e4e1032d,df7b41f7-ccd7-4044-b703-fae38112e001,FALSE,,1.54E+18,"@SaintHoax @Lva_Sc I am confused, if America is founded on Christian principles, why cherrypick what you want of Go… https://t.co/krjTgYgF06",iam_jayceekay,crazy about #f1 #teamlh #teamlh44 #lh44
WFRWYPY7XZJ9,5764bea7-468c-4697-abd0-19067b39c0ae,e05f0c97-ed32-4ca1-823a-e2727bc6b325,FALSE,,1.54E+18,"@frankcorder @S51781902 @Apple @DICKS I have a prediction. 
About the time the same women come to them for travel e… https://t.co/GtayrlIkms",BluntestOne,Grammar Cop. Bible errors Corrections Officer. Language and patterns show you what you need to know.
Z6J69GNZYEXY,20d7b3a9-ead1-4ed2-b069-c7dc6bcc3b07,e3392af9-3227-499c-bcd5-8f63c9266782,FALSE,,1.54E+18,"@thunderrosa22 You know birth control exists... right? Moral of the story is ""MAKE BETTER VAGINAL DECISIONS and YOU… https://t.co/YM7YQv6fgK",IsupkAtlanta,"We are the ISUPK. We're here to liberate,educate and unite ALL Blacks, Hispanics,and Native Indians. Zephaniah 2:1 KJV

IG: isupk_atl
Tik Tok: isupk atlanta"
2AZWNZRTVACE,8ffd655f-c112-48fa-9cf6-3b49f00c826b,e39c4d10-02de-46de-ad1d-9fda0d5418d9,FALSE,,1.54E+18,"@AOC People are already dying...
Every time an abortion occurs, people die.
How about you come back to reality, and… https://t.co/1j0HeOAi4d",Wanderer711,"Retired Army MP. Former State Corrections Officer. Pro 2A, Moderate Independent Conservative. I am who I am. Deal with it."
QEZAEMV2WF9D,0f4a1140-2d9a-44a6-8524-03cab1a9317d,e6fc0719-260c-4e79-a715-03f35f6a6cd7,FALSE,,1.54E+18,"@EdwardFortuna12 @Tam1575 @POTUS That is a medical emergency, and they will go in and do surgery on her because tha… https://t.co/Zqw8BYxXQ4",bdoll78_sheila,"I am a mom, customer service rep, and a business owner. My dream is to find the people that not only want to get healthy themselves but help others do the same."
FPMCK2P37RW2,d82380ad-5f2b-4351-8a95-6a1b93bc2c2a,e70f1ade-0ac4-4f40-91ea-aa47ab8402c3,FALSE,,1.54E+18,"@POTUS I’m sorry Mr President, that’s an asinine statement.  You took an oath to uphold our constitution, 6 of the… https://t.co/mOeJaDEHg0",RAS101st1970,
FPMCK2P37RW2,27e6ffec-c502-4a89-853e-d42f49b3d335,e8aea442-e972-4876-8aa9-5253d6bc2b3f,FALSE,,1.54E+18,@TomFitton @BarackObama How many decades of precedence preceded the unconstitutional ruling for Roe vs Wade?,votered88022,"MAGA; Army Vietnam Vet; Retired LEO; IFBAP; Trump Won; RT Not an endorsement 
GETTR @votered88022 
TruthSocial @votered88022"
X6P6DQRXD62A,04f67b6d-d233-4e47-84d1-9c252934d6b8,ea7dc11a-8595-4a8e-906f-282fbfdb4ef2,FALSE,,1.54E+18,@GavinNewsom cool let the women wanting abortion move to your stupid democrat state hell build a wall around califo… https://t.co/5O1FLZHNfn,DonnieDarnell51,My name is Donnie I’m 61 years old I’m a conservative.America First I support our military and our police pro gun and pro life
X6P6DQRXD62A,d0caea0b-f2f9-45b8-a604-4444bdc842bd,ec807949-3710-4385-8e58-45764a4f14d2,FALSE,,1.54E+18,"@itsJeffTiedrich @Kyruer The kind that values the visible over the invisible

But...why kind of woman prefers an ab… https://t.co/2GGMLxbZpg",TashiChris,"Travel, Fashion, Health, Fitness"
7R2NKCJQNXPP,ab4d356b-4577-475e-a56f-0f8160c91e06,edb8e723-1ee6-4473-9464-9010eac972f5,FALSE,,1.54E+18,"@mom76v2 Absolutely, I'm not allowing the exceptions in actuality, I'm outting their actual intentions. They don't… https://t.co/GiKIKNPksl",iowancap,"AnCap pastor (1689), lifelong Iowan, Hoppe respecter, Purveyor of Intolerance, Flyover Libertarian and Anarchist Bible Study pods. Backup:@IowancapReborn"
R7XYZ4FKMFF9,e69d78e1-4749-472b-8683-271c3f1c0b5e,ee952236-8bdf-4c3e-86b5-878309eb66a6,FALSE,,1.54E+18,There is so many forms of birth control available to women &amp; men that would prevent 90% of unwanted pregnancies. Pe… https://t.co/ezQbrFxK6W,RedTownLady,
Z239E43AATKE,62fa6dd6-1739-46fe-871b-d55140aed5e7,ef30d871-a0be-4c87-be54-1b5895769bad,FALSE,,1.54E+18,"@OleanderNectar Abortion is racist.
The KKK was entirely made up of Democrats.
Planned Parenthood, Margaret Sanger,… https://t.co/wspdL9yANE",null_space,"An aspiring slave. #Christ.

Truth in Good Faith
over
EVERYTHING

#OneSevenTwoNine #CabinDAO #UDFam"
2AZWNZRTVACE,64f0e989-8bbb-4fa6-ba28-11ebe313ff8d,ef5e1dd3-f879-4fe1-be55-90f4d181d432,FALSE,,1.54E+18,"@DavidMEdwards @RubinsRants @Cheri73432513 Argue ""basic human values"" in court, see how far you get. You would lose… https://t.co/c8I853hzWb",DaveDeLuca5,Democratic socialist. Humanist. Grandfather. Gadfly.
73FP3QEHRD7V,4a255e56-6c0c-4109-a8cb-7f01bd9b67a2,f06ba2fc-332a-4882-b7ea-19411e346202,FALSE,,1.54E+18,"@ZambranaML @GovWhitmer Yet, legal abortion procedures actually increased maternal mortality rates in the US by dou… https://t.co/qMLABx7KZW",GenXJaneDough,Anonymous & partyless #patriot. 🇺🇸 #MAGA #freespeech. Anti #marxist. Not one to coddle your fragile feelings. Come at me & you’ll be BLOCKED. No DMs.
2AZWNZRTVACE,423806cc-2467-455b-a788-9bc10753e6cf,f21c17c8-8d74-406c-8644-febb273e7167,FALSE,,1.54E+18,@CjPsychosis @MrColionNoir Certain peoples in the U.S. have led people to believe that pre-born babies don't matter… https://t.co/vifp8Nk8IZ,MattTow82424629,
DPNAMHPJRREC,5fe3d4e2-b913-4fe9-87b4-e2d8f7a60e9d,f223eed7-af72-4173-b064-ef1bc44c051b,FALSE,,1.54E+18,Today I think of the hundreds of millions of babies killed by abortion. You loser @JustinTrudeau https://t.co/942Da0SMn3,SunilKumarAus,"Occupation: AI, Machine Learning, Predict Outcomes of human behavior (e.g. terrorism) Hobbies: Public Policy. Biden’s America is RACIST. 🤮"
73FP3QEHRD7V,6a9e6b91-e4d2-433a-8812-99b9c3f2a057,f3465ffa-8843-4b00-8742-ce82f5a29b06,FALSE,,1.54E+18,@humansilk Deal And every abortion does the life expectancy of the life they just took in prison 😂,Emcclain101,We are not the same but we can coexist I enjoy getting under y’all skin as a stranger you’ll never meet🤣
T3RMAEPRMD6J,40ac5144-54a2-417d-b8ec-79a8ee20e7b3,f38cb70a-6802-4565-8a0c-bb36e91f5745,FALSE,,1.54E+18,"@EmmanuelMacron You Bafoon, The Supreme Court did not impose any restrictions on Abortion. Depending on where you g… https://t.co/MvFTX4u3kn",damcamphusband,"Very Amateur Meteorologist, Live off Wired Grid, Disabled Vet, Living Life with the best wife."
VNAQPVX4R36A,a28c7fc6-f4da-49f6-9e7d-0c4c28fa0d6d,f3b9e5f1-637e-4c48-9ed9-0f44c2b45a4c,FALSE,,1.54E+18,"@PissedOffMandaP Unfortunately, the abortion industry covers for abusers and rapists. They need the repeat customers.",PicklesGhost,"Freedom-loving kitty! 🇺🇸 Do not comply!
Pronouns: My/natural/immunity/is/superior
Take off that ridiculous mask, 🤡
The baby's body is not your body.😘"
T3RMAEPRMD6J,303c81fd-d3a2-4051-adac-08a0aa52b02f,f42de2d4-177e-4d13-8d38-457bcf4e5851,FALSE,,1.54E+18,@AlYourPalster @RealPootie @realpdxscanner So narrow minded of you and everyone else. Refusing to acknowledge the T… https://t.co/J0ryG5Hr5Y,GroDoubleG,"Freedom is quite literally my vibration and life blood. Fuck the puppeteers and puppets we call the elites and the politicians, respectively."
Z6J69GNZYEXY,9ad153ff-9fc5-42bf-834d-29568d71bfbc,f56494e2-5742-46b5-a200-98cd102f906e,FALSE,,1.54E+18,"Roughly the same length of time as #RoeVWade existed. 

Roe v Wade was about population control, it was eugenics. https://t.co/SPWxDGpSxa",CyprusNik,My Pronouns are Legend/Legendself and Sexy/Sexyself.
6CNHTCG6W6XM,a74690a8-1464-478c-a605-da7b1838838e,f70623f3-6a5b-4a03-80af-b95809ab71dd,FALSE,,1.54E+18,"If you're a priest or a bishop and you have publicly praised the overturning of Roe vs Wade, thank you.",_tdprater,"Husband and father of two, Correctional Officer, and Catholic convert in progress."
7R2NKCJQNXPP,53aecbf0-25a9-486e-8914-c7a4d2ba5427,f78d1937-f53c-4020-9eb0-6782774f152d,FALSE,,1.54E+18,@ShotoSimp98 @SassyValkyrie @Snowy_Doe @war_updatez @HerbScribner Roe v Wade is dead deal with it,mafia2198,
Z6J69GNZYEXY,50f64220-bf85-4fbc-9168-0fa93c65175b,f84d8dfe-807f-4507-a75b-90979f0b8a98,FALSE,,1.54E+18,@DBCoope43604497 That's why I don't think it will have any impact on the elections this November. Most of these peo… https://t.co/ob7K1YZEya,DieselPickUp244,"Expressing a conservative viewpoint. Not a BOT, Not my real name. Tolerant they claim, what a joke. BTW, Happily Married, I'm 60+ years old so no DM's hahahaha."
XJKGQQWFXKTX,b1689b9c-56d4-4cc0-aef1-88af6ce90ed2,f9ba28b2-3a1f-476a-bc2a-5c44188d6e45,FALSE,,1.54E+18,@midlifewomanon1 @CharlieCrist Sound like you are pro-abortion--Infanticide.,WandaWy18132190,MFTA Independent conservative
7ZGW996YFZ6X,b2c32bc5-f7e4-4da6-aa47-fd482bacb39e,f9e517ae-628d-4633-9bc5-d02ac5588633,FALSE,,1.54E+18,@INSOMNIAtv @Timcast Guess they're going to offer abortion services on military bases now. Your tax payer dollars hard at work.,WTFDidTheyJust1,"Envoy for
@libsoftiktok
@SirajAHashmi
@defiantls
@ListComesForAll

I will screenshot it. I will post it. I will tag them. 

Hell follows soon after."
YKR74H2QRD6F,50875e20-95ba-4165-bed3-fafaa341a7f2,faf9e0e3-cd60-44b6-acd1-4b635fb34e02,FALSE,,1.54E+18,"one last thing before i get go off social media for a while,

abortion is NOT of God. that’s it. that’s all.",daeshasb,Yahweh is my obsession.
R7XYZ4FKMFF9,fa88e390-9b6b-49da-9692-c89ad64d09e2,fb721d28-254e-41ee-940e-2e24bbb254ad,FALSE,,1.54E+18,"@TrustlessState Well, science says that life starts by conception.

So, if you just go f*** with someone without pr… https://t.co/rpCbvu1xFC",Petar26995863,Your Keys Your Crypto #TrustYourselves
R7XYZ4FKMFF9,26909ea5-800a-404e-97f0-4d06d3cd8b81,fba00989-4b40-4ba2-9651-5682bd73529a,FALSE,,1.54E+18,"These woman wanna sit here and complain about Roe v Wade, "" my body, my choice "" and say your mother had a choice,… https://t.co/JIVmSxQOuD",ShootHimNtMe,"Welcome To ShooEm Nation, we try to bring all kinds of stupid. If you have a positive IQ this may not be your stream....for I fear you'll have joined in as well"
4TG67HVWJNDP,4f6a3c14-c104-4f8e-8c5d-d7cf06f61217,fbc2684d-09e5-4fbe-add2-376f2da10751,FALSE,,1.54E+18,@NBA Now we weigh in on abortion.  Of course this league kisses the ass of the CCP.,10thamendmentKP,"There are Two Genders. You will Die someday, be careful, with your pride. Likes will not get you to Heaven.   🙏 the 📿"
7R2NKCJQNXPP,6fc6c89a-112d-44a2-be02-6479ead3d3fe,fc48e03e-a438-4686-9d9e-676c7b144f7a,FALSE,,1.54E+18,Studies show there is a direct correlation between supporting abortion and being fat and ugly.,CovfefeMichael1,"Outspoken conservative. If you have to silence the opposition, it means your ideas suck. #IFBAP"
YKR74H2QRD6F,60915589-9ef8-4211-ae93-75562cb9cfcc,fc53394f-affa-4a86-b152-c0216a6b3895,FALSE,,1.54E+18,@JessicaCoblentz Then let me be the one to represent a great many Catholic women (who you clearly don’t know) who s… https://t.co/DjWQ3aKqCm,K_manning7,"Catholic wife, mom, & coffee addict"
X6P6DQRXD62A,58c4921d-3bf8-4628-a428-a308cc1dab30,fe234695-0783-4a07-a428-b36f6349c7c3,FALSE,,1.54E+18,"Sweetie, I’m atheist. My opposition to abortion is based on science, not religion. But your bigotry is duly noted. https://t.co/FnDjmALXf3",BoulwareH2,I don’t like pina coladas. Or getting caught in the rain.
